device_id,timestamp,moisture,humidity,lux,temp,health
cactai-01,2026-09-02 22:53:10,27.1,26.3,0.4,19.5,52.6
cactai-01,2026-09-02 23:13:10,26.3,27.8,13.4,18.1,54.2
cactai-01,2026-09-02 23:33:10,26.0,26.9,7.6,18.8,54.3
cactai-01,2026-09-02 23:53:10,28.2,31.0,3.3,17.5,52.5
cactai-01,2026-09-03 00:13:10,27.2,27.6,10.5,18.7,52.9
cactai-01,2026-09-03 00:33:10,26.2,32.3,1.4,18.0,55.7
cactai-01,2026-09-03 00:53:10,27.9,33.6,10.9,17.4,53.7
cactai-01,2026-09-03 01:13:10,28.2,33.6,12.4,17.6,53.3
cactai-01,2026-09-03 01:33:10,26.6,30.8,0.7,16.6,54.7
cactai-01,2026-09-03 01:53:10,26.8,33.5,1.5,17.0,55.3
cactai-01,2026-09-03 02:13:10,26.7,36.0,3.1,17.3,55.5
cactai-01,2026-09-03 02:33:10,28.5,32.0,2.6,16.8,52.4
cactai-01,2026-09-03 02:53:10,27.8,35.9,9.6,17.6,54.0
cactai-01,2026-09-03 03:13:10,25.7,34.3,3.4,16.6,57.1
cactai-01,2026-09-03 03:33:10,29.0,35.0,14.1,17.3,52.6
cactai-01,2026-09-03 03:53:10,27.3,35.4,13.7,16.7,54.9
cactai-01,2026-09-03 04:13:10,27.8,39.9,3.9,17.0,52.9
cactai-01,2026-09-03 04:33:10,27.4,35.7,15.0,16.6,54.6
cactai-01,2026-09-03 04:53:10,28.5,38.3,9.4,16.8,52.3
cactai-01,2026-09-03 05:13:10,27.4,42.2,14.9,18.2,52.6
cactai-01,2026-09-03 05:33:10,28.0,40.2,10.8,17.5,52.4
cactai-01,2026-09-03 05:53:10,27.0,40.2,1.7,18.8,53.9
cactai-01,2026-09-03 06:13:10,26.3,41.0,48.8,17.8,54.6
cactai-01,2026-09-03 06:33:10,28.7,40.2,124.3,18.8,62.5
cactai-01,2026-09-03 06:53:10,25.7,43.4,187.4,19.0,68.1
cactai-01,2026-09-03 07:13:10,27.2,39.1,264.5,18.9,70.4
cactai-01,2026-09-03 07:33:10,28.8,44.7,285.4,20.0,67.4
cactai-01,2026-09-03 07:53:10,25.3,44.9,364.1,20.6,75.4
cactai-01,2026-09-03 08:13:10,26.9,40.2,402.3,20.6,76.0
cactai-01,2026-09-03 08:33:10,25.5,42.8,521.6,20.6,82.1
cactai-01,2026-09-03 08:53:10,28.4,42.5,522.4,20.4,78.1
cactai-01,2026-09-03 09:13:10,27.8,41.2,601.5,20.9,82.5
cactai-01,2026-09-03 09:33:10,27.4,42.5,704.5,21.6,82.3
cactai-01,2026-09-03 09:53:10,25.7,41.8,628.7,22.1,86.3
cactai-01,2026-09-03 10:13:10,25.7,40.0,675.8,22.5,86.7
cactai-01,2026-09-03 10:33:10,28.4,44.5,702.8,21.9,80.5
cactai-01,2026-09-03 10:53:10,27.4,40.3,725.9,22.3,82.2
cactai-01,2026-09-03 11:13:10,26.9,41.5,851.5,23.6,77.5
cactai-01,2026-09-03 11:33:10,25.4,38.9,843.3,23.4,80.8
cactai-01,2026-09-03 11:53:10,26.5,42.2,787.4,24.0,80.5
cactai-01,2026-09-03 12:13:10,24.9,39.7,876.1,23.7,79.8
cactai-01,2026-09-03 12:33:10,25.5,37.9,849.0,24.1,80.6
cactai-01,2026-09-03 12:53:10,25.6,37.7,766.5,25.1,83.9
cactai-01,2026-09-03 13:13:10,27.9,38.9,751.1,23.9,80.9
cactai-01,2026-09-03 13:33:10,27.8,40.8,808.4,25.4,78.3
cactai-01,2026-09-03 13:53:10,25.0,37.2,753.9,24.4,85.3
cactai-01,2026-09-03 14:13:10,24.6,35.9,655.8,25.7,90.3
cactai-01,2026-09-03 14:33:10,27.4,35.7,598.8,24.8,84.5
cactai-01,2026-09-03 14:53:10,28.2,35.6,636.0,25.3,84.9
cactai-01,2026-09-03 15:13:10,25.4,37.4,495.9,25.1,82.7
cactai-01,2026-09-03 15:33:10,27.2,31.2,482.7,25.1,79.3
cactai-01,2026-09-03 15:53:10,27.6,31.1,421.2,25.6,76.3
cactai-01,2026-09-03 16:13:10,24.9,33.1,329.8,25.1,77.0
cactai-01,2026-09-03 16:33:10,24.6,34.2,280.7,24.3,75.8
cactai-01,2026-09-03 16:53:10,26.5,30.7,234.9,24.7,70.2
cactai-01,2026-09-03 17:13:10,27.8,28.8,163.7,24.7,65.0
cactai-01,2026-09-03 17:33:10,25.6,31.1,89.1,23.8,65.8
cactai-01,2026-09-03 17:53:10,26.9,27.0,23.5,23.8,53.1
cactai-01,2026-09-03 18:13:10,27.9,26.5,0.0,23.2,51.6
cactai-01,2026-09-03 18:33:10,27.6,30.9,0.0,24.0,53.3
cactai-01,2026-09-03 18:53:10,24.5,30.2,0.0,23.4,57.5
cactai-01,2026-09-03 19:13:10,26.4,24.9,14.8,23.3,53.2
cactai-01,2026-09-03 19:33:10,27.5,25.4,10.0,21.9,51.8
cactai-01,2026-09-03 19:53:10,24.8,28.0,8.3,22.5,56.4
cactai-01,2026-09-03 20:13:10,24.7,27.1,9.5,22.5,56.2
cactai-01,2026-09-03 20:33:10,25.3,25.7,1.4,20.7,54.9
cactai-01,2026-09-03 20:53:10,24.7,28.5,9.6,21.2,56.7
cactai-01,2026-09-03 21:13:10,23.9,29.3,0.1,21.4,58.1
cactai-01,2026-09-03 21:33:10,25.9,25.0,12.5,19.8,54.0
cactai-01,2026-09-03 21:53:10,26.7,29.4,13.5,20.7,54.1
cactai-01,2026-09-03 22:13:10,23.9,29.1,3.7,20.4,58.0
cactai-01,2026-09-03 22:33:10,24.1,30.2,9.3,20.0,58.1
cactai-01,2026-09-03 22:53:10,26.9,25.1,12.2,19.5,52.5
cactai-01,2026-09-03 23:13:10,26.6,30.5,14.0,19.3,54.6
cactai-01,2026-09-03 23:33:10,23.8,31.0,11.8,19.1,58.7
cactai-01,2026-09-03 23:53:10,25.1,28.0,12.2,18.7,55.9
cactai-01,2026-09-04 00:13:10,24.0,28.6,0.4,18.6,57.7
cactai-01,2026-09-04 00:33:10,25.8,29.6,4.2,18.6,55.5
cactai-01,2026-09-04 00:53:10,23.6,33.6,14.1,17.1,59.7
cactai-01,2026-09-04 01:13:10,23.6,31.0,4.0,17.8,59.0
cactai-01,2026-09-04 01:33:10,25.2,31.3,9.1,17.4,56.9
cactai-01,2026-09-04 01:53:10,23.1,35.2,10.6,17.2,60.8
cactai-01,2026-09-04 02:13:10,25.7,32.6,11.1,16.4,56.5
cactai-01,2026-09-04 02:33:10,24.3,36.1,5.0,17.4,58.9
cactai-01,2026-09-04 02:53:10,24.6,34.2,4.6,16.7,58.5
cactai-01,2026-09-04 03:13:10,26.7,36.5,6.3,17.7,55.4
cactai-01,2026-09-04 03:33:10,25.1,33.2,4.5,16.7,57.5
cactai-01,2026-09-04 03:53:10,25.5,36.6,8.7,17.0,57.0
cactai-01,2026-09-04 04:13:10,26.4,39.3,7.1,16.7,54.9
cactai-01,2026-09-04 04:33:10,25.3,37.2,7.7,17.8,57.1
cactai-01,2026-09-04 04:53:10,23.6,37.0,10.1,16.7,59.5
cactai-01,2026-09-04 05:13:10,26.1,36.8,7.1,17.5,56.1
cactai-01,2026-09-04 05:33:10,25.5,39.9,2.9,17.4,56.1
cactai-01,2026-09-04 05:53:10,25.6,42.1,0.1,17.5,55.2
cactai-01,2026-09-04 06:13:10,23.3,43.7,44.7,18.4,58.0
cactai-01,2026-09-04 06:33:10,23.6,43.5,104.5,18.5,67.8
cactai-01,2026-09-04 06:53:10,25.2,44.7,194.4,19.0,68.8
cactai-01,2026-09-04 07:13:10,26.1,42.8,273.1,19.6,71.3
cactai-01,2026-09-04 07:33:10,25.8,42.7,316.1,20.2,73.4
cactai-01,2026-09-04 07:53:10,24.3,41.2,397.1,19.4,79.2
cactai-01,2026-09-04 08:13:10,25.5,43.0,450.7,20.4,79.2
cactai-01,2026-09-04 08:33:10,22.7,41.7,472.9,20.2,84.4
cactai-01,2026-09-04 08:53:10,24.5,40.8,528.4,20.4,84.3
cactai-01,2026-09-04 09:13:10,25.1,40.4,620.0,21.1,87.2
cactai-01,2026-09-04 09:33:10,23.9,41.2,646.5,21.4,89.7
cactai-01,2026-09-04 09:53:10,24.5,44.0,735.4,22.5,84.7
cactai-01,2026-09-04 10:13:10,23.7,39.6,752.3,22.0,86.5
cactai-01,2026-09-04 10:33:10,25.5,45.1,780.7,22.4,81.2
cactai-01,2026-09-04 10:53:10,24.3,42.7,804.0,22.4,82.7
cactai-01,2026-09-04 11:13:10,23.8,38.9,739.3,22.9,87.1
cactai-01,2026-09-04 11:33:10,23.6,39.3,822.9,23.4,83.9
cactai-01,2026-09-04 11:53:10,24.5,38.0,740.1,23.6,86.4
cactai-01,2026-09-04 12:13:10,22.1,41.2,809.0,23.4,86.1
cactai-01,2026-09-04 12:33:10,22.1,39.1,785.7,23.7,87.6
cactai-01,2026-09-04 12:53:10,24.9,38.5,751.7,24.8,85.2
cactai-01,2026-09-04 13:13:10,22.9,36.1,810.2,23.8,86.5
cactai-01,2026-09-04 13:33:10,25.8,37.1,740.8,25.0,84.8
cactai-01,2026-09-04 13:53:10,24.4,38.8,744.4,25.5,86.1
cactai-01,2026-09-04 14:13:10,21.8,34.5,628.8,24.3,93.7
cactai-01,2026-09-04 14:33:10,24.0,34.2,649.5,25.3,91.4
cactai-01,2026-09-04 14:53:10,22.3,35.9,613.8,25.4,92.2
cactai-01,2026-09-04 15:13:10,24.9,37.3,491.6,24.4,83.3
cactai-01,2026-09-04 15:33:10,22.8,34.9,433.3,25.7,84.5
cactai-01,2026-09-04 15:53:10,24.4,30.6,412.3,25.2,80.2
cactai-01,2026-09-04 16:13:10,21.9,34.1,369.2,25.4,83.0
cactai-01,2026-09-04 16:33:10,22.0,34.7,302.4,25.1,80.5
cactai-01,2026-09-04 16:53:10,23.2,30.4,223.5,24.5,74.3
cactai-01,2026-09-04 17:13:10,24.8,32.5,157.7,23.7,70.0
cactai-01,2026-09-04 17:33:10,23.9,32.0,102.7,24.5,68.9
cactai-01,2026-09-04 17:53:10,24.3,32.3,24.1,23.5,58.4
cactai-01,2026-09-04 18:13:10,23.5,28.9,0.0,23.6,58.5
cactai-01,2026-09-04 18:33:10,22.3,30.7,0.0,23.9,60.6
cactai-01,2026-09-04 18:53:10,24.8,26.7,0.0,23.0,56.0
cactai-01,2026-09-04 19:13:10,21.3,30.0,5.7,22.3,61.9
cactai-01,2026-09-04 19:33:10,22.5,29.9,12.0,22.8,60.1
cactai-01,2026-09-04 19:53:10,24.9,24.9,0.2,22.5,55.3
cactai-01,2026-09-04 20:13:10,23.9,28.0,11.4,21.8,57.7
cactai-01,2026-09-04 20:33:10,21.9,28.2,1.4,21.2,60.4
cactai-01,2026-09-04 20:53:10,23.1,26.6,7.1,21.5,58.3
cactai-01,2026-09-04 21:13:10,22.1,25.5,10.5,20.2,59.5
cactai-01,2026-09-04 21:33:10,23.1,28.7,1.8,19.9,59.0
cactai-01,2026-09-04 21:53:10,23.8,30.1,7.3,20.1,58.4
cactai-01,2026-09-04 22:13:10,21.6,25.8,1.5,19.2,60.1
cactai-01,2026-09-04 22:33:10,21.9,30.5,8.0,19.5,61.1
cactai-01,2026-09-04 22:53:10,24.3,27.9,1.9,19.7,57.1
cactai-01,2026-09-04 23:13:10,22.5,26.4,7.0,18.1,59.1
cactai-01,2026-09-04 23:33:10,24.0,28.1,7.2,17.8,57.5
cactai-01,2026-09-04 23:53:10,21.3,29.6,0.8,17.9,61.8
cactai-01,2026-09-05 00:13:10,23.7,30.3,1.8,18.5,58.6
cactai-01,2026-09-05 00:33:10,22.4,29.9,7.8,18.4,60.3
cactai-01,2026-09-05 00:53:10,23.1,31.4,4.6,18.0,59.8
cactai-01,2026-09-05 01:13:10,21.4,32.4,3.1,16.9,62.5
cactai-01,2026-09-05 01:33:10,20.5,31.7,1.1,17.4,63.5
cactai-01,2026-09-05 01:53:10,23.3,33.9,3.5,17.1,60.2
cactai-01,2026-09-05 02:13:10,23.6,34.1,13.9,17.3,59.9
cactai-01,2026-09-05 02:33:10,22.6,34.9,6.4,17.7,61.6
cactai-01,2026-09-05 02:53:10,21.0,33.6,1.1,17.4,63.3
cactai-01,2026-09-05 03:13:10,20.8,36.6,4.3,17.3,63.6
cactai-01,2026-09-05 03:33:10,22.3,33.6,7.5,16.3,61.6
cactai-01,2026-09-05 03:53:10,21.3,34.4,4.8,17.8,63.3
cactai-01,2026-09-05 04:13:10,24.0,40.5,8.6,17.5,57.9
cactai-01,2026-09-05 04:33:10,23.2,38.0,0.6,17.6,59.8
cactai-01,2026-09-05 04:53:10,22.5,39.6,2.7,17.5,60.3
cactai-01,2026-09-05 05:13:10,21.4,40.4,5.2,18.2,61.6
cactai-01,2026-09-05 05:33:10,21.2,42.6,10.4,18.4,61.2
cactai-01,2026-09-05 05:53:10,21.3,39.4,6.8,18.8,62.1
cactai-01,2026-09-05 06:13:10,22.1,43.9,44.5,18.6,59.6
cactai-01,2026-09-05 06:33:10,21.6,39.5,115.8,18.4,72.2
cactai-01,2026-09-05 06:53:10,22.4,43.4,192.8,18.4,73.0
cactai-01,2026-09-05 07:13:10,23.6,41.8,253.0,19.5,74.2
cactai-01,2026-09-05 07:33:10,23.8,43.1,291.9,19.1,75.2
cactai-01,2026-09-05 07:53:10,22.0,43.0,352.8,19.2,80.1
cactai-01,2026-09-05 08:13:10,23.4,42.6,481.8,19.6,83.4
cactai-01,2026-09-05 08:33:10,21.7,44.2,528.2,20.5,87.1
cactai-01,2026-09-05 08:53:10,23.1,45.9,523.3,20.5,84.6
cactai-01,2026-09-05 09:13:10,21.2,45.5,603.0,21.2,90.5
cactai-01,2026-09-05 09:33:10,23.1,41.6,689.6,22.0,89.3
cactai-01,2026-09-05 09:53:10,23.3,42.8,668.7,22.4,89.4
cactai-01,2026-09-05 10:13:10,20.8,43.1,683.4,23.1,92.4
cactai-01,2026-09-05 10:33:10,20.1,42.6,741.5,22.3,91.1
cactai-01,2026-09-05 10:53:10,21.7,41.8,774.0,22.6,87.9
cactai-01,2026-09-05 11:13:10,22.3,42.1,734.5,22.8,88.5
cactai-01,2026-09-05 11:33:10,19.6,42.8,838.2,23.8,87.9
cactai-01,2026-09-05 11:53:10,20.9,41.8,849.4,24.3,85.9
cactai-01,2026-09-05 12:13:10,21.3,37.5,875.5,24.0,85.5
cactai-01,2026-09-05 12:33:10,22.8,42.0,806.0,24.1,84.9
cactai-01,2026-09-05 12:53:10,21.1,40.5,782.7,24.3,88.7
cactai-01,2026-09-05 13:13:10,19.9,38.4,783.3,25.3,91.0
cactai-01,2026-09-05 13:33:10,22.0,38.9,711.3,25.3,90.8
cactai-01,2026-09-05 13:53:10,22.6,36.6,754.4,24.5,88.9
cactai-01,2026-09-05 14:13:10,22.2,38.9,698.3,24.2,91.1
cactai-01,2026-09-05 14:33:10,21.6,38.5,574.0,25.8,90.8
cactai-01,2026-09-05 14:53:10,20.8,32.8,611.5,25.2,93.9
cactai-01,2026-09-05 15:13:10,20.8,35.7,572.4,25.6,92.8
cactai-01,2026-09-05 15:33:10,22.2,32.6,435.2,24.8,84.8
cactai-01,2026-09-05 15:53:10,21.1,33.6,391.1,25.4,84.9
cactai-01,2026-09-05 16:13:10,19.2,34.7,336.3,25.0,85.6
cactai-01,2026-09-05 16:33:10,22.5,29.7,281.1,24.6,77.3
cactai-01,2026-09-05 16:53:10,19.9,28.3,219.2,25.0,78.1
cactai-01,2026-09-05 17:13:10,21.5,28.6,176.0,24.3,74.2
cactai-01,2026-09-05 17:33:10,21.1,30.9,91.1,24.0,72.0
cactai-01,2026-09-05 17:53:10,22.1,27.7,23.2,23.7,60.0
cactai-01,2026-09-05 18:13:10,19.7,29.5,0.0,23.8,64.0
cactai-01,2026-09-05 18:33:10,19.9,31.5,0.0,23.6,64.3
cactai-01,2026-09-05 18:53:10,20.9,29.3,0.0,23.5,62.2
cactai-01,2026-09-05 19:13:10,20.6,30.3,9.1,22.5,63.0
cactai-01,2026-09-05 19:33:10,20.0,28.4,9.1,22.7,63.3
cactai-01,2026-09-05 19:53:10,21.2,29.4,10.8,22.4,61.9
cactai-01,2026-09-05 20:13:10,19.7,26.8,9.7,21.9,63.1
cactai-01,2026-09-05 20:33:10,19.6,28.5,1.4,21.0,63.8
cactai-01,2026-09-05 20:53:10,22.3,27.2,8.1,21.8,59.6
cactai-01,2026-09-05 21:13:10,21.7,26.9,3.9,21.3,60.4
cactai-01,2026-09-05 21:33:10,18.8,29.9,5.1,19.9,65.3
cactai-01,2026-09-05 21:53:10,21.2,30.1,12.9,20.8,62.0
cactai-01,2026-09-05 22:13:10,21.4,24.5,5.5,19.8,60.0
cactai-01,2026-09-05 22:33:10,20.9,28.2,10.1,19.9,61.9
cactai-01,2026-09-05 22:53:10,19.1,25.1,1.6,19.7,63.4
cactai-01,2026-09-05 23:13:10,19.0,25.7,13.7,19.3,63.7
cactai-01,2026-09-05 23:33:10,19.8,26.6,4.5,19.2,63.0
cactai-01,2026-09-05 23:53:10,18.5,31.5,7.4,17.7,66.3
cactai-01,2026-09-06 00:13:10,21.0,32.3,10.1,17.9,63.0
cactai-01,2026-09-06 00:33:10,19.7,27.8,2.3,17.8,63.5
cactai-01,2026-09-06 00:53:10,18.1,30.0,14.3,17.5,66.3
cactai-01,2026-09-06 01:13:10,18.3,32.5,12.8,17.5,66.8
cactai-01,2026-09-06 01:33:10,19.5,30.2,5.4,16.7,64.4
cactai-01,2026-09-06 01:53:10,20.5,33.5,6.8,17.3,64.0
cactai-01,2026-09-06 02:13:10,18.8,31.1,11.8,17.2,65.7
cactai-01,2026-09-06 02:33:10,18.6,32.4,11.5,17.6,66.3
cactai-01,2026-09-06 02:53:10,21.4,31.8,2.2,17.6,62.3
cactai-01,2026-09-06 03:13:10,18.7,33.5,1.9,17.3,66.5
cactai-01,2026-09-06 03:33:10,20.9,34.6,0.2,16.8,63.9
cactai-01,2026-09-06 03:53:10,20.6,37.0,0.8,17.5,63.7
cactai-01,2026-09-06 04:13:10,19.7,35.2,11.7,17.2,65.6
cactai-01,2026-09-06 04:33:10,20.7,40.4,0.7,17.4,62.6
cactai-01,2026-09-06 04:53:10,17.8,38.7,14.5,17.3,66.6
cactai-01,2026-09-06 05:13:10,21.2,36.8,7.4,17.0,63.0
cactai-01,2026-09-06 05:33:10,18.6,40.8,1.0,17.9,65.5
cactai-01,2026-09-06 05:53:10,19.6,40.2,14.9,18.3,64.2
cactai-01,2026-09-06 06:13:10,20.2,43.1,41.7,18.6,62.5
cactai-01,2026-09-06 06:33:10,20.3,39.7,121.0,18.5,74.3
cactai-01,2026-09-06 06:53:10,18.7,41.5,173.4,18.8,78.0
cactai-01,2026-09-06 07:13:10,19.0,43.1,230.2,19.0,79.4
cactai-01,2026-09-06 07:33:10,21.0,39.8,293.9,20.0,80.2
cactai-01,2026-09-06 07:53:10,17.6,44.1,347.9,20.3,84.6
cactai-01,2026-09-06 08:13:10,19.5,43.2,443.6,19.9,87.1
cactai-01,2026-09-06 08:33:10,18.6,43.9,457.9,20.9,88.8
cactai-01,2026-09-06 08:53:10,20.0,45.8,588.5,21.0,91.5
cactai-01,2026-09-06 09:13:10,19.4,41.3,579.1,21.5,93.3
cactai-01,2026-09-06 09:33:10,17.5,45.0,605.7,21.4,94.5
cactai-01,2026-09-06 09:53:10,19.3,44.6,716.0,22.5,92.6
cactai-01,2026-09-06 10:13:10,20.2,43.3,782.2,22.5,89.1
cactai-01,2026-09-06 10:33:10,20.7,44.3,672.6,22.2,92.6
cactai-01,2026-09-06 10:53:10,19.7,40.9,717.1,22.6,93.2
cactai-01,2026-09-06 11:13:10,20.3,42.1,705.9,23.0,92.4
cactai-01,2026-09-06 11:33:10,19.4,38.5,737.6,23.9,93.6
cactai-01,2026-09-06 11:53:10,18.5,39.9,754.1,23.5,93.7
cactai-01,2026-09-06 12:13:10,19.9,40.7,834.1,23.3,88.3
cactai-01,2026-09-06 12:33:10,17.3,40.5,720.9,24.5,94.6
cactai-01,2026-09-06 12:53:10,19.3,39.1,743.2,24.3,93.2
cactai-01,2026-09-06 13:13:10,19.7,36.3,725.3,24.5,94.3
cactai-01,2026-09-06 13:33:10,19.3,37.9,703.2,25.0,95.2
cactai-01,2026-09-06 13:53:10,18.2,37.9,640.6,24.0,98.5
cactai-01,2026-09-06 14:13:10,17.4,34.5,642.5,24.5,98.7
cactai-01,2026-09-06 14:33:10,16.5,37.4,606.7,24.5,95.5
cactai-01,2026-09-06 14:53:10,19.3,35.2,568.7,25.5,94.9
cactai-01,2026-09-06 15:13:10,16.7,36.7,565.3,24.3,94.3
cactai-01,2026-09-06 15:33:10,20.1,36.0,432.6,25.1,88.1
cactai-01,2026-09-06 15:53:10,19.2,32.7,427.2,24.3,88.7
cactai-01,2026-09-06 16:13:10,17.6,34.3,325.6,25.0,86.3
cactai-01,2026-09-06 16:33:10,20.0,29.4,316.1,25.2,82.2
cactai-01,2026-09-06 16:53:10,18.6,31.4,218.7,24.4,80.8
cactai-01,2026-09-06 17:13:10,17.6,29.6,156.7,23.8,78.1
cactai-01,2026-09-06 17:33:10,16.6,30.1,94.2,24.8,74.4
cactai-01,2026-09-06 17:53:10,19.1,31.4,23.7,24.4,65.5
cactai-01,2026-09-06 18:13:10,16.7,27.2,0.0,23.8,63.8
cactai-01,2026-09-06 18:33:10,18.7,26.7,0.0,23.8,64.5
cactai-01,2026-09-06 18:53:10,19.1,29.8,0.0,23.0,65.0
cactai-01,2026-09-06 19:13:10,18.5,28.6,8.5,23.4,65.3
cactai-01,2026-09-06 19:33:10,16.2,27.2,2.3,22.2,63.2
cactai-01,2026-09-06 19:53:10,18.0,26.2,0.8,22.1,65.3
cactai-01,2026-09-06 20:13:10,16.2,29.4,12.5,22.4,63.8
cactai-01,2026-09-06 20:33:10,17.7,27.4,7.6,21.9,65.3
cactai-01,2026-09-06 20:53:10,19.1,27.9,6.7,20.8,64.4
cactai-01,2026-09-06 21:13:10,16.0,24.6,2.3,21.4,62.1
cactai-01,2026-09-06 21:33:10,17.8,25.1,10.7,20.0,64.7
cactai-01,2026-09-06 21:53:10,17.8,25.2,6.6,19.9,64.8
cactai-01,2026-09-06 22:13:10,17.0,28.0,6.1,20.2,64.5
cactai-01,2026-09-06 22:33:10,16.0,28.7,1.0,19.1,63.3
cactai-01,2026-09-06 22:53:10,19.2,30.2,9.8,18.8,64.8
cactai-01,2026-09-06 23:13:10,17.0,31.1,2.1,19.1,65.4
cactai-01,2026-09-06 23:33:10,19.3,27.6,8.9,18.3,64.0
cactai-01,2026-09-06 23:53:10,18.2,31.1,12.2,18.6,66.6
cactai-01,2026-09-07 00:13:10,18.0,29.2,7.9,17.8,66.2
cactai-01,2026-09-07 00:33:10,16.3,32.9,2.7,17.8,65.0
cactai-01,2026-09-07 00:53:10,15.7,32.9,2.1,17.0,64.1
cactai-01,2026-09-07 01:13:10,18.9,28.6,12.5,17.2,64.9
cactai-01,2026-09-07 01:33:10,16.8,30.0,2.0,17.8,64.8
cactai-01,2026-09-07 01:53:10,15.9,32.3,12.1,17.0,64.3
cactai-01,2026-09-07 02:13:10,17.0,32.1,3.6,17.5,65.7
cactai-01,2026-09-07 02:33:10,16.4,35.9,8.0,17.0,65.5
cactai-01,2026-09-07 02:53:10,19.0,37.7,5.5,16.9,65.9
cactai-01,2026-09-07 03:13:10,17.2,38.3,5.7,17.5,66.0
cactai-01,2026-09-07 03:33:10,16.1,37.0,2.1,17.6,64.7
cactai-01,2026-09-07 03:53:10,18.4,38.9,1.5,16.8,66.2
cactai-01,2026-09-07 04:13:10,18.6,35.4,4.1,17.1,67.0
cactai-01,2026-09-07 04:33:10,16.8,37.3,3.3,16.6,65.6
cactai-01,2026-09-07 04:53:10,15.9,41.8,7.5,17.3,63.0
cactai-01,2026-09-07 05:13:10,18.3,40.3,14.0,18.1,66.0
cactai-01,2026-09-07 05:33:10,18.2,41.1,4.3,17.3,65.9
cactai-01,2026-09-07 05:53:10,14.9,38.0,6.7,17.7,62.7
cactai-01,2026-09-07 06:13:10,17.0,42.3,48.4,18.4,64.4
cactai-01,2026-09-07 06:33:10,15.9,40.2,105.9,17.9,73.8
cactai-01,2026-09-07 06:53:10,17.9,41.5,180.4,18.3,79.1
cactai-01,2026-09-07 07:13:10,17.1,39.2,270.8,19.2,82.3
cactai-01,2026-09-07 07:33:10,15.2,42.0,299.5,19.7,80.0
cactai-01,2026-09-07 07:53:10,16.3,43.6,359.0,19.2,83.4
cactai-01,2026-09-07 08:13:10,14.9,43.0,480.3,20.2,86.4
cactai-01,2026-09-07 08:33:10,16.8,42.3,543.6,20.5,91.8
cactai-01,2026-09-07 08:53:10,18.4,41.5,563.0,20.1,93.9
cactai-01,2026-09-07 09:13:10,15.9,44.4,631.3,21.4,93.4
cactai-01,2026-09-07 09:33:10,17.4,41.9,675.8,20.8,96.0
cactai-01,2026-09-07 09:53:10,17.7,40.8,686.5,22.4,96.3
cactai-01,2026-09-07 10:13:10,17.2,43.4,709.3,22.8,93.9
cactai-01,2026-09-07 10:33:10,17.4,42.1,678.1,22.2,96.0
cactai-01,2026-09-07 10:53:10,15.1,39.3,696.2,23.6,92.8
cactai-01,2026-09-07 11:13:10,18.2,41.9,785.6,22.8,92.2
cactai-01,2026-09-07 11:33:10,15.0,40.4,834.7,23.9,86.8
cactai-01,2026-09-07 11:53:10,15.5,38.6,858.1,23.5,87.1
cactai-01,2026-09-07 12:13:10,17.1,42.7,860.9,23.8,88.0
cactai-01,2026-09-07 12:33:10,16.1,39.8,866.7,24.9,87.2
cactai-01,2026-09-07 12:53:10,17.3,40.6,781.7,23.7,92.1
cactai-01,2026-09-07 13:13:10,17.3,38.9,775.3,24.3,92.9
cactai-01,2026-09-07 13:33:10,16.7,36.8,673.3,24.9,96.6
cactai-01,2026-09-07 13:53:10,16.7,36.4,694.3,24.1,96.0
cactai-01,2026-09-07 14:13:10,15.3,39.6,718.5,24.6,92.2
cactai-01,2026-09-07 14:33:10,17.7,33.4,688.6,25.2,97.5
cactai-01,2026-09-07 14:53:10,17.1,36.3,566.8,25.7,95.0
cactai-01,2026-09-07 15:13:10,16.3,36.2,494.6,24.2,91.0
cactai-01,2026-09-07 15:33:10,16.9,33.1,437.2,24.8,89.4
cactai-01,2026-09-07 15:53:10,16.2,34.2,426.6,25.6,88.3
cactai-01,2026-09-07 16:13:10,16.8,32.9,350.9,24.8,85.7
cactai-01,2026-09-07 16:33:10,16.3,30.3,290.4,24.1,81.8
cactai-01,2026-09-07 16:53:10,15.6,30.5,241.4,24.6,79.0
cactai-01,2026-09-07 17:13:10,14.7,30.3,155.2,25.1,74.1
cactai-01,2026-09-07 17:33:10,17.2,30.0,90.0,23.5,75.0
cactai-01,2026-09-07 17:53:10,15.3,31.9,26.2,23.8,63.4
cactai-01,2026-09-07 18:13:10,16.2,31.1,0.0,23.4,64.4
cactai-01,2026-09-07 18:33:10,13.7,28.8,0.0,24.0,60.2
cactai-01,2026-09-07 18:53:10,16.3,30.8,0.0,23.3,64.3
cactai-01,2026-09-07 19:13:10,13.9,26.1,7.6,22.2,59.6
cactai-01,2026-09-07 19:33:10,15.6,26.8,0.4,23.0,62.1
cactai-01,2026-09-07 19:53:10,13.7,26.2,9.2,23.0,59.3
cactai-01,2026-09-07 20:13:10,16.4,29.1,7.9,21.1,63.9
cactai-01,2026-09-07 20:33:10,15.1,28.1,9.6,21.2,61.8
cactai-01,2026-09-07 20:53:10,15.8,25.1,11.7,21.9,61.9
cactai-01,2026-09-07 21:13:10,13.4,24.8,13.7,20.2,58.5
cactai-01,2026-09-07 21:33:10,16.0,26.2,4.8,21.1,62.5
cactai-01,2026-09-07 21:53:10,14.1,28.0,12.7,20.2,60.5
cactai-01,2026-09-07 22:13:10,15.2,27.4,4.5,19.2,61.8
cactai-01,2026-09-07 22:33:10,15.7,29.0,2.3,19.6,62.9
cactai-01,2026-09-07 22:53:10,16.3,25.1,8.5,18.4,62.7
cactai-01,2026-09-07 23:13:10,15.6,29.9,8.7,18.7,63.1
cactai-01,2026-09-07 23:33:10,15.4,27.5,7.5,19.3,62.1
cactai-01,2026-09-07 23:53:10,15.6,28.0,12.1,17.6,62.6
cactai-01,2026-09-08 00:13:10,14.8,27.9,6.6,18.2,61.4
cactai-01,2026-09-08 00:33:10,15.8,32.4,10.8,18.6,64.1
cactai-01,2026-09-08 00:53:10,15.0,29.7,5.6,17.5,62.3
cactai-01,2026-09-08 01:13:10,13.1,30.1,3.7,17.2,59.7
cactai-01,2026-09-08 01:33:10,16.2,30.0,3.7,17.0,63.9
cactai-01,2026-09-08 01:53:10,15.7,32.7,4.7,17.2,64.1
cactai-01,2026-09-08 02:13:10,12.7,36.0,4.6,17.1,60.3
cactai-01,2026-09-08 02:33:10,14.0,31.4,3.2,17.0,61.3
cactai-01,2026-09-08 02:53:10,14.4,35.0,9.8,17.6,63.0
cactai-01,2026-09-08 03:13:10,15.4,37.0,13.2,16.8,63.8
cactai-01,2026-09-08 03:33:10,13.3,36.5,8.6,16.4,60.9
cactai-01,2026-09-08 03:53:10,13.6,39.8,11.5,17.4,60.4
cactai-01,2026-09-08 04:13:10,14.0,39.3,14.6,16.9,61.1
cactai-01,2026-09-08 04:33:10,13.2,38.2,11.3,17.3,60.3
cactai-01,2026-09-08 04:53:10,13.7,38.6,2.1,17.4,60.9
cactai-01,2026-09-08 05:13:10,13.6,40.1,7.7,17.1,60.4
cactai-01,2026-09-08 05:33:10,13.5,39.0,11.1,18.4,60.5
cactai-01,2026-09-08 05:53:10,13.4,42.4,10.6,17.9,59.4
cactai-01,2026-09-08 06:13:10,16.1,41.5,46.9,18.8,63.4
cactai-01,2026-09-08 06:33:10,14.9,38.6,120.0,18.6,73.4
cactai-01,2026-09-08 06:53:10,15.3,43.5,200.5,19.0,75.7
cactai-01,2026-09-08 07:13:10,14.4,40.2,261.6,19.4,77.9
cactai-01,2026-09-08 07:33:10,15.4,40.3,323.4,19.8,81.7
cactai-01,2026-09-08 07:53:10,15.8,40.3,343.2,19.1,83.1
cactai-01,2026-09-08 08:13:10,12.6,44.0,422.3,20.0,80.6
cactai-01,2026-09-08 08:33:10,15.6,45.2,522.5,20.9,88.5
cactai-01,2026-09-08 08:53:10,12.5,41.2,500.2,20.6,84.4
cactai-01,2026-09-08 09:13:10,14.0,41.9,616.2,20.7,91.0
cactai-01,2026-09-08 09:33:10,13.2,42.0,693.8,22.0,89.4
cactai-01,2026-09-08 09:53:10,14.4,43.9,710.3,22.1,89.8
cactai-01,2026-09-08 10:13:10,12.8,42.9,670.4,21.8,89.5
cactai-01,2026-09-08 10:33:10,12.9,41.1,813.3,22.1,84.5
cactai-01,2026-09-08 10:53:10,13.0,41.1,797.5,23.6,85.2
cactai-01,2026-09-08 11:13:10,12.8,39.4,829.5,23.5,84.2
cactai-01,2026-09-08 11:33:10,15.5,43.2,775.3,24.2,89.1
cactai-01,2026-09-08 11:53:10,12.8,39.6,848.3,24.1,83.4
cactai-01,2026-09-08 12:13:10,13.3,38.9,774.2,24.0,87.3
cactai-01,2026-09-08 12:33:10,13.7,42.4,744.5,24.5,87.9
cactai-01,2026-09-08 12:53:10,13.9,39.7,722.2,24.0,90.0
cactai-01,2026-09-08 13:13:10,13.6,39.4,785.6,23.9,87.0
cactai-01,2026-09-08 13:33:10,14.3,35.6,722.3,25.1,91.7
cactai-01,2026-09-08 13:53:10,13.6,39.9,635.0,24.7,91.7
cactai-01,2026-09-08 14:13:10,14.9,36.5,727.2,24.4,92.1
cactai-01,2026-09-08 14:33:10,12.6,36.8,686.5,25.6,90.4
cactai-01,2026-09-08 14:53:10,13.6,35.5,534.9,25.4,89.0
cactai-01,2026-09-08 15:13:10,14.9,32.6,579.2,25.6,92.1
cactai-01,2026-09-08 15:33:10,14.9,36.8,447.6,24.8,87.0
cactai-01,2026-09-08 15:53:10,14.9,35.9,420.6,25.6,86.2
cactai-01,2026-09-08 16:13:10,11.2,32.9,387.2,24.2,79.3
cactai-01,2026-09-08 16:33:10,12.2,34.8,325.1,24.7,78.9
cactai-01,2026-09-08 16:53:10,14.8,33.3,230.3,24.5,78.2
cactai-01,2026-09-08 17:13:10,11.5,28.6,152.9,24.3,69.0
cactai-01,2026-09-08 17:33:10,11.7,31.5,89.5,24.6,67.7
cactai-01,2026-09-08 17:53:10,14.0,27.6,24.8,24.5,60.1
cactai-01,2026-09-08 18:13:10,14.2,29.1,0.0,23.0,60.9
cactai-01,2026-09-08 18:33:10,11.6,26.4,0.0,23.1,56.5
cactai-01,2026-09-08 18:53:10,11.9,26.6,0.0,23.5,56.9
cactai-01,2026-09-08 19:13:10,13.7,24.9,4.5,23.0,58.9
cactai-01,2026-09-08 19:33:10,11.2,26.4,0.9,22.3,56.0
cactai-01,2026-09-08 19:53:10,13.5,26.2,13.4,21.5,59.1
cactai-01,2026-09-08 20:13:10,13.1,25.5,4.4,21.2,58.4
cactai-01,2026-09-08 20:33:10,13.1,26.6,11.2,21.5,58.6
cactai-01,2026-09-08 20:53:10,13.3,25.3,8.1,20.7,58.5
cactai-01,2026-09-08 21:13:10,10.9,26.7,13.1,21.1,55.6
cactai-01,2026-09-08 21:33:10,10.8,27.4,8.5,20.4,55.6
cactai-01,2026-09-08 21:53:10,11.8,27.3,2.2,19.5,57.0
cactai-01,2026-09-08 22:13:10,10.8,27.5,8.7,20.2,55.7
cactai-01,2026-09-08 22:33:10,12.3,25.0,7.7,19.4,57.0
cactai-01,2026-09-08 22:53:10,12.0,29.9,10.8,19.5,58.0
cactai-01,2026-09-08 23:13:10,11.7,25.7,0.7,19.6,56.4
cactai-01,2026-09-08 23:33:10,14.1,25.9,1.0,18.4,59.8
cactai-01,2026-09-08 23:53:10,14.2,30.0,11.5,18.1,61.2
cactai-01,2026-09-09 00:13:10,13.7,32.1,5.7,17.8,61.2
cactai-01,2026-09-09 00:33:10,12.4,31.1,9.9,17.6,59.0
cactai-01,2026-09-09 00:53:10,12.3,32.2,8.1,17.2,59.2
cactai-01,2026-09-09 01:13:10,11.3,32.4,0.3,17.5,57.9
cactai-01,2026-09-09 01:33:10,11.1,31.1,12.4,16.9,57.2
cactai-01,2026-09-09 01:53:10,10.5,34.6,10.9,17.0,57.4
cactai-01,2026-09-09 02:13:10,10.1,31.6,13.3,16.4,55.9
cactai-01,2026-09-09 02:33:10,12.8,31.4,9.0,17.4,59.6
cactai-01,2026-09-09 02:53:10,10.8,36.9,3.5,16.3,57.4
cactai-01,2026-09-09 03:13:10,13.2,36.8,4.3,16.7,60.7
cactai-01,2026-09-09 03:33:10,11.2,35.0,10.1,16.5,58.4
cactai-01,2026-09-09 03:53:10,11.1,34.2,3.3,17.8,58.0
cactai-01,2026-09-09 04:13:10,12.3,37.1,13.7,17.2,59.4
cactai-01,2026-09-09 04:33:10,12.5,39.9,14.1,17.0,58.8
cactai-01,2026-09-09 04:53:10,11.3,40.3,2.2,17.4,57.0
cactai-01,2026-09-09 05:13:10,12.5,41.2,4.5,18.3,58.5
cactai-01,2026-09-09 05:33:10,11.9,37.8,14.5,17.4,58.6
cactai-01,2026-09-09 05:53:10,13.3,42.6,9.7,17.4,59.2
cactai-01,2026-09-09 06:13:10,10.4,39.6,47.4,18.6,55.9
cactai-01,2026-09-09 06:33:10,13.1,39.5,117.2,19.0,70.4
cactai-01,2026-09-09 06:53:10,11.8,41.7,191.6,19.5,70.9
cactai-01,2026-09-09 07:13:10,13.3,39.2,242.2,19.9,75.9
cactai-01,2026-09-09 07:33:10,9.9,45.4,345.0,19.5,73.4
cactai-01,2026-09-09 07:53:10,11.8,40.9,359.2,20.5,78.0
cactai-01,2026-09-09 08:13:10,12.5,42.1,443.2,20.2,81.9
cactai-01,2026-09-09 08:33:10,10.4,43.0,481.3,20.5,80.2
cactai-01,2026-09-09 08:53:10,13.2,42.8,504.1,21.4,85.2
cactai-01,2026-09-09 09:13:10,10.8,42.5,646.3,21.3,87.5
cactai-01,2026-09-09 09:33:10,9.8,41.5,605.3,22.3,84.8
cactai-01,2026-09-09 09:53:10,10.9,40.7,691.0,21.6,86.7
cactai-01,2026-09-09 10:13:10,12.5,42.6,697.2,22.5,88.1
cactai-01,2026-09-09 10:33:10,10.2,44.3,770.5,23.3,81.4
cactai-01,2026-09-09 10:53:10,11.1,40.1,787.8,23.4,83.3
cactai-01,2026-09-09 11:13:10,11.9,41.6,731.4,23.9,86.3
cactai-01,2026-09-09 11:33:10,11.6,38.6,801.1,22.7,83.9
cactai-01,2026-09-09 11:53:10,12.8,41.8,855.1,24.2,82.4
cactai-01,2026-09-09 12:13:10,12.3,38.7,784.7,24.3,85.6
cactai-01,2026-09-09 12:33:10,10.9,39.0,714.0,24.4,86.4
cactai-01,2026-09-09 12:53:10,11.3,39.1,804.7,24.4,83.3
cactai-01,2026-09-09 13:13:10,11.1,35.7,684.8,24.6,88.7
cactai-01,2026-09-09 13:33:10,12.7,35.1,701.9,25.2,90.5
cactai-01,2026-09-09 13:53:10,12.0,39.8,729.2,24.2,87.0
cactai-01,2026-09-09 14:13:10,9.3,34.8,615.0,25.0,86.4
cactai-01,2026-09-09 14:33:10,9.8,35.3,667.9,24.8,87.7
cactai-01,2026-09-09 14:53:10,10.9,38.2,571.7,24.6,86.0
cactai-01,2026-09-09 15:13:10,12.0,35.5,552.3,25.6,87.6
cactai-01,2026-09-09 15:33:10,9.0,33.1,503.5,25.0,80.9
cactai-01,2026-09-09 15:53:10,8.6,31.2,383.6,24.9,75.0
cactai-01,2026-09-09 16:13:10,11.7,32.9,355.3,25.4,78.7
cactai-01,2026-09-09 16:33:10,10.6,29.1,272.5,24.2,72.8
cactai-01,2026-09-09 16:53:10,12.0,31.1,247.5,23.8,74.3
cactai-01,2026-09-09 17:13:10,12.1,33.0,149.0,24.4,71.1
cactai-01,2026-09-09 17:33:10,12.1,28.9,85.2,24.9,67.3
cactai-01,2026-09-09 17:53:10,11.4,30.8,24.9,23.8,57.4
cactai-01,2026-09-09 18:13:10,9.0,27.5,0.0,24.2,53.1
cactai-01,2026-09-09 18:33:10,11.9,27.6,0.0,23.8,57.2
cactai-01,2026-09-09 18:53:10,12.2,29.5,0.0,23.1,58.2
cactai-01,2026-09-09 19:13:10,9.9,29.9,0.8,22.5,55.2
cactai-01,2026-09-09 19:33:10,9.7,29.2,14.3,21.7,54.7
cactai-01,2026-09-09 19:53:10,10.1,26.5,14.9,22.9,54.4
cactai-01,2026-09-09 20:13:10,10.7,24.7,10.2,22.0,54.7
cactai-01,2026-09-09 20:33:10,8.4,25.0,10.7,21.8,51.5
cactai-01,2026-09-09 20:53:10,9.3,24.6,11.1,20.3,52.7
cactai-01,2026-09-09 21:13:10,9.1,24.8,5.4,20.3,52.4
cactai-01,2026-09-09 21:33:10,9.6,24.2,8.3,20.2,53.0
cactai-01,2026-09-09 21:53:10,9.2,26.5,9.0,19.8,53.1
cactai-01,2026-09-09 22:13:10,11.5,29.8,1.3,20.5,57.3
cactai-01,2026-09-09 22:33:10,9.4,25.5,2.5,19.1,53.0
cactai-01,2026-09-09 22:53:10,9.5,27.5,0.9,19.1,53.9
cactai-01,2026-09-09 23:13:10,8.8,29.1,3.8,19.0,53.3
cactai-01,2026-09-09 23:33:10,8.9,31.4,1.6,18.3,54.2
cactai-01,2026-09-09 23:53:10,9.0,28.2,12.1,18.8,53.4
cactai-01,2026-09-10 00:13:10,8.2,28.6,14.6,18.7,52.4
cactai-01,2026-09-10 00:33:10,11.5,33.0,4.7,17.5,58.3
cactai-01,2026-09-10 00:53:10,9.9,29.2,7.4,17.4,54.9
cactai-01,2026-09-10 01:13:10,8.0,31.8,5.9,17.6,53.0
cactai-01,2026-09-10 01:33:10,9.7,34.8,10.2,17.2,56.3
cactai-01,2026-09-10 01:53:10,8.6,33.9,6.6,17.7,54.6
cactai-01,2026-09-10 02:13:10,9.4,34.2,6.1,16.7,55.8
cactai-01,2026-09-10 02:33:10,10.6,31.5,10.7,17.8,56.5
cactai-01,2026-09-10 02:53:10,9.4,37.3,6.0,17.3,55.3
cactai-01,2026-09-10 03:13:10,8.8,37.8,11.9,17.1,54.2
cactai-01,2026-09-10 03:33:10,10.4,37.1,1.3,16.8,56.7
cactai-01,2026-09-10 03:53:10,11.2,37.9,0.7,16.9,57.6
cactai-01,2026-09-10 04:13:10,8.9,34.6,14.5,16.8,55.2
cactai-01,2026-09-10 04:33:10,9.5,38.6,7.8,17.2,55.0
cactai-01,2026-09-10 04:53:10,9.5,38.8,11.6,17.2,55.0
cactai-01,2026-09-10 05:13:10,8.8,42.2,1.6,17.0,52.9
cactai-01,2026-09-10 05:33:10,8.3,39.7,2.1,17.4,53.1
cactai-01,2026-09-10 05:53:10,8.8,41.7,7.1,17.8,53.1
cactai-01,2026-09-10 06:13:10,10.2,38.7,43.5,18.9,56.0
cactai-01,2026-09-10 06:33:10,9.7,39.4,118.2,19.4,65.8
cactai-01,2026-09-10 06:53:10,7.6,39.8,174.0,19.0,65.0
cactai-01,2026-09-10 07:13:10,7.8,41.6,273.5,18.7,68.7
cactai-01,2026-09-10 07:33:10,8.6,39.6,324.7,19.7,72.4
cactai-01,2026-09-10 07:53:10,9.2,42.0,355.7,20.2,73.8
cactai-01,2026-09-10 08:13:10,9.8,44.7,412.8,19.5,76.1
cactai-01,2026-09-10 08:33:10,10.2,41.1,455.8,20.3,79.6
cactai-01,2026-09-10 08:53:10,7.8,45.2,543.5,20.9,78.4
cactai-01,2026-09-10 09:13:10,9.1,43.7,613.5,21.4,83.4
cactai-01,2026-09-10 09:33:10,10.0,43.6,621.5,22.1,85.1
cactai-01,2026-09-10 09:53:10,7.8,43.5,708.3,21.3,80.8
cactai-01,2026-09-10 10:13:10,7.0,41.4,662.1,21.7,82.2
cactai-01,2026-09-10 10:33:10,8.6,41.9,771.8,22.0,79.9
cactai-01,2026-09-10 10:53:10,7.2,42.9,748.2,23.2,78.7
cactai-01,2026-09-10 11:13:10,10.5,42.0,806.0,23.2,81.1
cactai-01,2026-09-10 11:33:10,7.7,41.0,737.3,22.8,80.3
cactai-01,2026-09-10 11:53:10,6.4,38.6,777.1,24.2,77.6
cactai-01,2026-09-10 12:13:10,8.4,40.3,872.8,24.3,76.0
cactai-01,2026-09-10 12:33:10,9.7,39.7,778.4,23.5,81.8
cactai-01,2026-09-10 12:53:10,9.3,38.0,705.6,24.0,84.7
cactai-01,2026-09-10 13:13:10,6.9,38.3,765.5,25.0,78.9
cactai-01,2026-09-10 13:33:10,8.4,35.6,774.1,24.1,81.4
cactai-01,2026-09-10 13:53:10,9.5,36.5,743.5,25.3,83.9
cactai-01,2026-09-10 14:13:10,9.0,36.9,607.7,25.7,85.2
cactai-01,2026-09-10 14:33:10,9.4,37.4,578.3,24.6,84.4
cactai-01,2026-09-10 14:53:10,7.9,34.3,640.9,25.5,85.2
cactai-01,2026-09-10 15:13:10,10.0,36.2,526.2,24.6,83.5
cactai-01,2026-09-10 15:33:10,8.3,33.0,508.4,25.3,80.2
cactai-01,2026-09-10 15:53:10,6.6,31.0,432.1,24.4,74.2
cactai-01,2026-09-10 16:13:10,6.2,31.6,339.0,24.4,70.0
cactai-01,2026-09-10 16:33:10,7.2,33.1,298.7,24.3,70.2
cactai-01,2026-09-10 16:53:10,9.3,34.1,219.8,24.8,70.3
cactai-01,2026-09-10 17:13:10,9.7,32.3,149.7,25.0,67.5
cactai-01,2026-09-10 17:33:10,9.2,27.8,103.3,24.7,63.7
cactai-01,2026-09-10 17:53:10,8.6,31.5,23.2,24.3,53.8
cactai-01,2026-09-10 18:13:10,7.7,29.5,0.0,23.3,51.9
cactai-01,2026-09-10 18:33:10,7.5,29.4,0.0,24.0,51.6
cactai-01,2026-09-10 18:53:10,7.7,26.9,0.0,23.8,51.1
cactai-01,2026-09-10 19:13:10,6.9,24.9,14.3,23.2,49.4
cactai-01,2026-09-10 19:33:10,7.4,28.6,11.0,22.3,51.2
cactai-01,2026-09-10 19:53:10,6.4,26.9,8.0,21.7,49.3
cactai-01,2026-09-10 20:13:10,6.8,27.6,12.4,21.9,50.2
cactai-01,2026-09-10 20:33:10,8.2,24.3,5.2,20.8,51.1
cactai-01,2026-09-10 20:53:10,5.9,29.1,6.9,21.0,49.3
cactai-01,2026-09-10 21:13:10,6.2,28.1,14.4,20.2,49.4
cactai-01,2026-09-10 21:33:10,9.1,25.7,2.4,20.7,52.7
cactai-01,2026-09-10 21:53:10,8.9,25.2,5.6,19.9,52.4
cactai-01,2026-09-10 22:13:10,6.2,28.3,10.5,20.1,49.5
cactai-01,2026-09-10 22:33:10,5.8,26.0,7.2,19.7,48.2
cactai-01,2026-09-10 22:53:10,8.5,30.9,10.4,19.0,53.4
cactai-01,2026-09-10 23:13:10,6.7,29.7,1.1,18.2,50.6
cactai-01,2026-09-10 23:33:10,5.7,30.4,13.2,18.9,49.4
cactai-01,2026-09-10 23:53:10,5.7,29.4,14.9,17.5,49.0
cactai-01,2026-09-11 00:13:10,7.9,30.4,6.6,17.5,52.6
cactai-01,2026-09-11 00:33:10,8.5,27.7,10.3,17.2,52.5
cactai-01,2026-09-11 00:53:10,6.5,33.6,8.8,17.3,51.5
cactai-01,2026-09-11 01:13:10,5.3,31.7,4.2,17.6,49.2
cactai-01,2026-09-11 01:33:10,7.7,34.1,11.7,17.5,53.3
cactai-01,2026-09-11 01:53:10,6.9,34.2,7.8,16.8,52.2
cactai-01,2026-09-11 02:13:10,8.7,33.3,13.5,16.5,54.4
cactai-01,2026-09-11 02:33:10,6.9,36.9,8.9,17.8,51.9
cactai-01,2026-09-11 02:53:10,8.2,35.2,2.0,16.8,54.2
cactai-01,2026-09-11 03:13:10,8.5,37.1,11.4,16.2,54.1
cactai-01,2026-09-11 03:33:10,5,33.5,3.9,17.5,49.4
cactai-01,2026-09-11 03:53:10,6.7,36.3,9.4,17.4,51.7
cactai-01,2026-09-11 04:13:10,7.1,36.2,8.0,16.9,52.4
cactai-01,2026-09-11 04:33:10,7.8,38.4,3.0,17.2,52.7
cactai-01,2026-09-11 04:53:10,7.3,36.2,12.5,17.8,52.6
cactai-01,2026-09-11 05:13:10,5,36.9,12.7,17.6,49.2
cactai-01,2026-09-11 05:33:10,5.7,41.4,9.1,18.2,48.9
cactai-01,2026-09-11 05:53:10,7.2,38.5,10.6,18.8,51.9
cactai-01,2026-09-11 06:13:10,7.5,42.3,45.6,17.8,51.2
cactai-01,2026-09-11 06:33:10,7.5,40.0,106.2,19.2,62.0
cactai-01,2026-09-11 06:53:10,5,43.6,193.3,18.5,60.9
cactai-01,2026-09-11 07:13:10,7.1,42.6,228.7,18.5,65.7
cactai-01,2026-09-11 07:33:10,5.7,42.4,313.0,19.6,67.1
cactai-01,2026-09-11 07:53:10,5.2,40.3,368.6,20.0,69.3
cactai-01,2026-09-11 08:13:10,5.1,42.9,458.2,19.5,71.9
cactai-01,2026-09-11 08:33:10,5.1,42.8,531.2,20.3,74.9
cactai-01,2026-09-11 08:53:10,7.8,45.1,509.8,21.0,77.1
cactai-01,2026-09-11 09:13:10,7.0,42.5,646.3,20.9,82.3
cactai-01,2026-09-11 09:33:10,6.9,41.5,630.3,20.9,81.7
cactai-01,2026-09-11 09:53:10,6.0,45.2,663.0,21.4,79.6
cactai-01,2026-09-11 10:13:10,7.9,45.3,757.9,21.6,78.4
cactai-01,2026-09-11 10:33:10,5.1,44.4,737.9,22.3,75.6
cactai-01,2026-09-11 10:53:10,5,40.3,774.2,23.0,75.3
cactai-01,2026-09-11 11:13:10,6.4,41.5,752.5,23.3,77.7
cactai-01,2026-09-11 11:33:10,6.9,39.5,793.4,24.1,77.4
cactai-01,2026-09-11 11:53:10,5,37.9,841.3,23.6,73.3
cactai-01,2026-09-11 12:13:10,5.1,42.4,756.1,24.6,75.5
cactai-01,2026-09-11 12:33:10,5,40.7,863.1,24.8,71.6
cactai-01,2026-09-11 12:53:10,5,39.4,814.1,24.0,73.9
cactai-01,2026-09-11 13:13:10,5,41.6,758.5,24.9,75.5
cactai-01,2026-09-11 13:33:10,7.3,40.3,675.2,24.7,82.4
cactai-01,2026-09-11 13:53:10,5.1,40.2,733.0,24.2,77.0
cactai-01,2026-09-11 14:13:10,5,38.5,614.9,24.2,79.3
cactai-01,2026-09-11 14:33:10,5.2,38.7,636.8,24.6,80.5
cactai-01,2026-09-11 14:53:10,5,37.0,554.8,25.3,77.4
cactai-01,2026-09-11 15:13:10,5,33.2,557.8,24.3,77.6
cactai-01,2026-09-11 15:33:10,6.5,34.4,450.2,24.4,75.7
cactai-01,2026-09-11 15:53:10,5.2,32.6,392.7,25.0,71.1
cactai-01,2026-09-11 16:13:10,5,31.3,393.5,24.4,70.4
cactai-01,2026-09-11 16:33:10,5,33.0,273.9,25.2,66.1
cactai-01,2026-09-11 16:53:10,5,33.2,239.6,24.2,64.9
cactai-01,2026-09-11 17:13:10,5,29.7,149.6,24.4,60.2
cactai-01,2026-09-11 17:33:10,5,33.0,97.4,23.4,59.1
cactai-01,2026-09-11 17:53:10,5,31.0,24.0,23.5,48.6
cactai-01,2026-09-11 18:13:10,6.3,26.9,0.0,22.9,49.2
cactai-01,2026-09-11 18:33:10,7.0,26.4,0.0,23.9,50.0
cactai-01,2026-09-11 18:53:10,5.6,29.1,0.0,23.2,48.8
cactai-01,2026-09-11 19:13:10,5,25.2,12.2,23.4,46.9
cactai-01,2026-09-11 19:33:10,6.6,29.5,1.9,22.2,50.4
cactai-01,2026-09-11 19:53:10,5,27.8,6.9,22.7,47.6
cactai-01,2026-09-11 20:13:10,5.6,25.2,0.4,21.4,47.7
cactai-01,2026-09-11 20:33:10,6.4,24.3,4.2,21.7,48.5
cactai-01,2026-09-11 20:53:10,5,27.3,4.4,20.4,47.5
cactai-01,2026-09-11 21:13:10,5,29.3,2.1,20.8,48.1
cactai-01,2026-09-11 21:33:10,5.9,30.0,12.0,20.9,49.6
cactai-01,2026-09-11 21:53:10,5,29.7,8.2,20.1,48.2
cactai-01,2026-09-11 22:13:10,5,25.7,2.7,20.4,47.0
cactai-01,2026-09-11 22:33:10,6.6,27.8,0.9,19.8,49.9
cactai-01,2026-09-11 22:53:10,26.4,28.9,14.6,18.7,54.4
cactai-01,2026-09-11 23:13:10,26.2,31.3,13.8,18.4,55.4
cactai-01,2026-09-11 23:33:10,27.3,30.8,12.0,19.1,53.6
cactai-01,2026-09-11 23:53:10,29.1,30.4,8.9,18.9,51.0
cactai-01,2026-09-12 00:13:10,29.6,30.1,10.5,18.1,50.2
cactai-01,2026-09-12 00:33:10,29.3,30.2,14.8,17.5,50.7
cactai-01,2026-09-12 00:53:10,26.7,29.1,1.4,17.6,54.0
cactai-01,2026-09-12 01:13:10,26.6,29.2,13.8,17.8,54.3
cactai-01,2026-09-12 01:33:10,27.0,29.2,12.7,17.4,53.6
cactai-01,2026-09-12 01:53:10,29.1,34.9,11.6,17.9,52.5
cactai-01,2026-09-12 02:13:10,27.2,31.0,14.1,16.8,53.9
cactai-01,2026-09-12 02:33:10,29.4,35.8,2.4,17.8,51.8
cactai-01,2026-09-12 02:53:10,29.4,35.9,2.6,17.7,51.7
cactai-01,2026-09-12 03:13:10,27.9,33.5,3.3,16.7,53.7
cactai-01,2026-09-12 03:33:10,28.4,38.8,1.9,17.8,52.3
cactai-01,2026-09-12 03:53:10,29.3,34.0,14.9,17.3,51.9
cactai-01,2026-09-12 04:13:10,26.3,37.9,14.5,17.9,55.5
cactai-01,2026-09-12 04:33:10,26.3,41.1,11.2,16.8,54.5
cactai-01,2026-09-12 04:53:10,28.2,39.6,1.3,18.1,52.4
cactai-01,2026-09-12 05:13:10,26.3,36.8,4.0,17.3,55.8
cactai-01,2026-09-12 05:33:10,26.8,41.3,0.0,18.6,53.7
cactai-01,2026-09-12 05:53:10,26.8,40.8,7.4,17.4,54.0
cactai-01,2026-09-12 06:13:10,28.7,41.9,45.2,18.6,51.0
cactai-01,2026-09-12 06:33:10,25.5,43.5,107.0,18.3,65.3
cactai-01,2026-09-12 06:53:10,28.9,39.2,176.7,18.4,64.5
cactai-01,2026-09-12 07:13:10,28.0,42.4,244.3,19.8,67.5
cactai-01,2026-09-12 07:33:10,27.4,43.1,290.1,19.5,70.0
cactai-01,2026-09-12 07:53:10,28.8,40.7,343.1,20.5,70.9
cactai-01,2026-09-12 08:13:10,25.4,41.1,408.6,19.7,78.2
cactai-01,2026-09-12 08:33:10,27.8,44.3,514.8,20.2,78.0
cactai-01,2026-09-12 08:53:10,25.9,40.3,524.2,21.0,82.4
cactai-01,2026-09-12 09:13:10,25.5,42.2,637.4,21.1,86.9
cactai-01,2026-09-12 09:33:10,27.5,43.5,614.7,21.1,82.7
cactai-01,2026-09-12 09:53:10,25.5,41.5,615.8,21.2,86.2
cactai-01,2026-09-12 10:13:10,26.0,42.0,763.5,22.2,82.2
cactai-01,2026-09-12 10:33:10,25.1,42.6,767.0,22.1,83.1
cactai-01,2026-09-12 10:53:10,26.2,41.7,825.1,22.5,79.5
cactai-01,2026-09-12 11:13:10,25.6,40.3,777.8,22.5,82.7
cactai-01,2026-09-12 11:33:10,27.3,38.8,834.5,23.2,78.5
cactai-01,2026-09-12 11:53:10,28.5,41.4,806.3,23.8,77.2
cactai-01,2026-09-12 12:13:10,27.8,39.8,853.2,24.0,76.7
cactai-01,2026-09-12 12:33:10,26.4,42.1,849.8,24.2,78.1
cactai-01,2026-09-12 12:53:10,28.1,40.5,713.1,24.4,81.7
cactai-01,2026-09-12 13:13:10,27.6,39.7,820.6,24.8,78.3
cactai-01,2026-09-12 13:33:10,27.4,36.0,679.2,25.5,85.3
cactai-01,2026-09-12 13:53:10,27.6,35.1,771.3,24.7,81.7
cactai-01,2026-09-12 14:13:10,26.1,39.6,734.4,25.1,83.9
cactai-01,2026-09-12 14:33:10,25.3,38.4,670.2,25.6,87.9
cactai-01,2026-09-12 14:53:10,25.8,34.6,532.2,24.7,84.2
cactai-01,2026-09-12 15:13:10,26.1,36.8,508.9,25.5,82.5
cactai-01,2026-09-12 15:33:10,26.3,33.4,490.4,24.8,81.5
cactai-01,2026-09-12 15:53:10,26.5,34.7,391.4,25.6,77.7
cactai-01,2026-09-12 16:13:10,26.4,30.1,390.7,24.5,76.4
cactai-01,2026-09-12 16:33:10,25.5,31.3,298.6,24.5,74.4
cactai-01,2026-09-12 16:53:10,26.5,28.4,229.9,24.2,69.3
cactai-01,2026-09-12 17:13:10,26.4,31.8,151.3,23.6,67.3
cactai-01,2026-09-12 17:33:10,25.3,28.5,101.4,24.5,65.9
cactai-01,2026-09-12 17:53:10,27.5,26.6,26.5,24.4,52.2
cactai-01,2026-09-12 18:13:10,25.0,29.0,0.0,24.0,56.4
cactai-01,2026-09-12 18:33:10,27.3,26.4,0.0,24.2,52.3
cactai-01,2026-09-12 18:53:10,27.1,26.8,0.0,23.0,52.8
cactai-01,2026-09-12 19:13:10,24.6,29.8,2.8,23.2,57.1
cactai-01,2026-09-12 19:33:10,27.0,27.7,13.0,21.9,53.1
cactai-01,2026-09-12 19:53:10,24.3,29.4,7.6,22.8,57.6
cactai-01,2026-09-12 20:13:10,27.0,29.2,2.9,21.4,53.6
cactai-01,2026-09-12 20:33:10,26.5,25.7,13.8,22.0,53.3
cactai-01,2026-09-12 20:53:10,24.1,24.2,9.5,20.9,56.2
cactai-01,2026-09-12 21:13:10,27.1,27.5,2.7,20.5,53.1
cactai-01,2026-09-12 21:33:10,26.5,28.2,13.4,20.1,54.0
cactai-01,2026-09-12 21:53:10,25.8,30.0,2.4,20.7,55.6
cactai-01,2026-09-12 22:13:10,24.5,26.9,10.2,19.0,56.4
cactai-01,2026-09-12 22:33:10,23.5,30.1,11.5,19.7,58.9
cactai-01,2026-09-12 22:53:10,24.4,29.8,0.1,18.8,57.5
cactai-01,2026-09-12 23:13:10,25.1,27.6,9.6,18.6,55.9
cactai-01,2026-09-12 23:33:10,26.0,30.7,7.0,18.4,55.4
cactai-01,2026-09-12 23:53:10,25.9,31.2,7.7,18.1,55.8
cactai-01,2026-09-13 00:13:10,24.4,27.3,9.1,17.3,56.7
cactai-01,2026-09-13 00:33:10,26.7,28.8,9.6,18.1,54.0
cactai-01,2026-09-13 00:53:10,23.8,32.4,4.5,18.2,59.1
cactai-01,2026-09-13 01:13:10,25.5,32.4,12.0,17.7,56.6
cactai-01,2026-09-13 01:33:10,27.1,30.6,9.8,17.2,53.9
cactai-01,2026-09-13 01:53:10,25.9,33.1,0.5,16.7,56.4
cactai-01,2026-09-13 02:13:10,25.2,35.1,3.3,17.7,57.9
cactai-01,2026-09-13 02:33:10,26.4,36.1,7.6,17.6,55.9
cactai-01,2026-09-13 02:53:10,23.5,33.3,1.5,17.5,59.8
cactai-01,2026-09-13 03:13:10,25.6,34.5,2.7,16.3,57.1
cactai-01,2026-09-13 03:33:10,24.1,37.9,11.2,16.8,58.6
cactai-01,2026-09-13 03:53:10,26.3,36.7,4.4,17.7,55.9
cactai-01,2026-09-13 04:13:10,23.1,39.8,14.2,17.2,59.4
cactai-01,2026-09-13 04:33:10,24.0,35.5,5.7,17.9,59.5
cactai-01,2026-09-13 04:53:10,24.4,39.2,3.0,18.1,57.8
cactai-01,2026-09-13 05:13:10,25.6,41.1,4.7,17.6,55.6
cactai-01,2026-09-13 05:33:10,25.2,37.0,2.7,17.5,57.3
cactai-01,2026-09-13 05:53:10,25.7,40.4,2.5,18.5,55.6
cactai-01,2026-09-13 06:13:10,25.1,41.8,41.6,18.2,56.1
cactai-01,2026-09-13 06:33:10,24.1,38.6,125.5,18.1,69.4
cactai-01,2026-09-13 06:53:10,22.6,40.7,178.7,19.4,73.0
cactai-01,2026-09-13 07:13:10,25.2,42.9,235.0,18.8,70.9
cactai-01,2026-09-13 07:33:10,23.8,40.2,328.0,19.3,77.4
cactai-01,2026-09-13 07:53:10,23.1,44.6,385.4,19.5,79.4
cactai-01,2026-09-13 08:13:10,25.3,43.4,420.3,19.9,78.1
cactai-01,2026-09-13 08:33:10,26.3,42.0,533.7,21.2,81.6
cactai-01,2026-09-13 08:53:10,23.1,45.7,532.7,21.5,85.0
cactai-01,2026-09-13 09:13:10,23.2,44.4,585.3,20.6,87.3
cactai-01,2026-09-13 09:33:10,24.6,40.9,671.0,21.4,88.1
cactai-01,2026-09-13 09:53:10,22.4,45.0,700.8,21.5,88.9
cactai-01,2026-09-13 10:13:10,22.4,45.6,719.3,22.5,87.9
cactai-01,2026-09-13 10:33:10,22.2,43.5,765.9,22.4,86.9
cactai-01,2026-09-13 10:53:10,24.3,41.9,747.7,22.3,85.2
cactai-01,2026-09-13 11:13:10,24.6,40.5,813.8,23.5,82.6
cactai-01,2026-09-13 11:33:10,23.1,41.9,820.3,22.9,84.0
cactai-01,2026-09-13 11:53:10,22.4,42.1,852.5,23.1,83.6
cactai-01,2026-09-13 12:13:10,22.4,38.5,737.1,23.5,89.3
cactai-01,2026-09-13 12:33:10,24.0,38.0,754.2,24.5,86.5
cactai-01,2026-09-13 12:53:10,22.0,39.2,746.8,23.9,89.2
cactai-01,2026-09-13 13:13:10,23.2,35.6,825.6,24.8,85.6
cactai-01,2026-09-13 13:33:10,25.2,39.0,794.8,24.2,83.0
cactai-01,2026-09-13 13:53:10,23.8,38.6,646.9,24.2,90.6
cactai-01,2026-09-13 14:13:10,22.7,39.6,636.4,24.6,91.6
cactai-01,2026-09-13 14:33:10,22.1,34.0,623.8,24.2,92.9
cactai-01,2026-09-13 14:53:10,24.9,34.1,558.3,25.4,86.4
cactai-01,2026-09-13 15:13:10,24.7,31.8,489.6,25.6,83.3
cactai-01,2026-09-13 15:33:10,22.3,33.0,494.3,24.9,87.2
cactai-01,2026-09-13 15:53:10,25.1,30.7,431.2,25.4,80.1
cactai-01,2026-09-13 16:13:10,23.1,35.3,337.2,24.4,80.2
cactai-01,2026-09-13 16:33:10,24.9,33.6,289.7,24.9,75.5
cactai-01,2026-09-13 16:53:10,21.9,32.4,244.2,23.8,77.5
cactai-01,2026-09-13 17:13:10,22.1,30.1,177.3,24.5,74.0
cactai-01,2026-09-13 17:33:10,24.1,28.1,99.7,23.9,67.4
cactai-01,2026-09-13 17:53:10,21.5,30.6,23.7,24.5,61.8
cactai-01,2026-09-13 18:13:10,21.8,31.6,0.0,23.0,61.6
cactai-01,2026-09-13 18:33:10,21.5,27.2,0.0,23.1,60.8
cactai-01,2026-09-13 18:53:10,23.9,29.8,0.0,23.2,58.1
cactai-01,2026-09-13 19:13:10,23.9,26.9,14.7,22.8,57.3
cactai-01,2026-09-13 19:33:10,23.8,26.1,1.4,22.2,57.2
cactai-01,2026-09-13 19:53:10,24.5,27.7,5.8,22.9,56.7
cactai-01,2026-09-13 20:13:10,21.7,29.3,9.7,22.4,61.1
cactai-01,2026-09-13 20:33:10,23.0,25.5,1.1,22.2,58.1
cactai-01,2026-09-13 20:53:10,23.6,26.4,3.3,20.7,57.6
cactai-01,2026-09-13 21:13:10,22.8,29.2,12.0,20.7,59.6
cactai-01,2026-09-13 21:33:10,23.6,24.7,7.5,20.3,57.1
cactai-01,2026-09-13 21:53:10,21.3,27.8,0.0,20.3,61.3
cactai-01,2026-09-13 22:13:10,21.7,28.4,7.6,20.5,60.8
cactai-01,2026-09-13 22:33:10,21.7,27.4,0.8,19.5,60.5
cactai-01,2026-09-13 22:53:10,23.4,29.2,7.1,18.5,58.7
cactai-01,2026-09-13 23:13:10,22.1,30.3,3.3,19.5,60.8
cactai-01,2026-09-13 23:33:10,23.5,26.0,7.8,18.0,57.5
cactai-01,2026-09-13 23:53:10,23.6,26.8,10.8,18.4,57.7
cactai-01,2026-09-14 00:13:10,22.2,29.4,14.0,18.5,60.4
cactai-01,2026-09-14 00:33:10,22.3,32.8,1.6,18.3,61.3
cactai-01,2026-09-14 00:53:10,22.4,31.7,11.6,18.3,60.9
cactai-01,2026-09-14 01:13:10,22.7,28.7,7.5,18.1,59.6
cactai-01,2026-09-14 01:33:10,22.5,34.6,7.2,16.8,61.5
cactai-01,2026-09-14 01:53:10,21.0,32.0,11.0,17.3,62.9
cactai-01,2026-09-14 02:13:10,22.0,36.2,7.6,17.7,62.1
cactai-01,2026-09-14 02:33:10,24.3,36.9,4.1,17.0,58.7
cactai-01,2026-09-14 02:53:10,23.2,36.2,6.2,16.7,60.4
cactai-01,2026-09-14 03:13:10,23.2,38.1,12.9,17.2,59.8
cactai-01,2026-09-14 03:33:10,21.5,35.2,9.4,17.3,63.1
cactai-01,2026-09-14 03:53:10,24.1,36.9,9.8,17.4,58.9
cactai-01,2026-09-14 04:13:10,21.6,37.4,1.7,17.3,62.2
cactai-01,2026-09-14 04:33:10,23.2,40.2,6.3,17.0,59.2
cactai-01,2026-09-14 04:53:10,22.2,35.9,12.1,16.9,61.8
cactai-01,2026-09-14 05:13:10,23.1,37.4,3.0,17.3,60.1
cactai-01,2026-09-14 05:33:10,22.8,38.7,12.6,18.3,60.1
cactai-01,2026-09-14 05:53:10,20.5,42.7,12.2,18.5,62.3
cactai-01,2026-09-14 06:13:10,23.0,41.3,48.7,17.9,59.1
cactai-01,2026-09-14 06:33:10,23.2,40.1,121.3,18.9,70.1
cactai-01,2026-09-14 06:53:10,21.5,44.5,199.0,19.7,74.2
cactai-01,2026-09-14 07:13:10,22.1,39.2,241.1,18.8,76.6
cactai-01,2026-09-14 07:33:10,23.0,44.7,323.4,20.0,77.1
cactai-01,2026-09-14 07:53:10,22.6,43.5,409.8,20.3,81.3
cactai-01,2026-09-14 08:13:10,22.2,44.5,442.7,20.9,83.0
cactai-01,2026-09-14 08:33:10,20.5,44.0,474.9,20.0,86.8
cactai-01,2026-09-14 08:53:10,21.8,42.3,512.4,20.8,87.0
cactai-01,2026-09-14 09:13:10,20.2,43.5,603.6,20.8,92.5
cactai-01,2026-09-14 09:33:10,22.5,40.8,619.3,21.0,90.7
cactai-01,2026-09-14 09:53:10,19.8,45.4,656.1,22.1,94.1
cactai-01,2026-09-14 10:13:10,21.5,43.0,737.5,22.0,89.1
cactai-01,2026-09-14 10:33:10,20.8,40.7,785.3,22.1,89.0
cactai-01,2026-09-14 10:53:10,21.5,41.5,699.9,23.0,91.1
cactai-01,2026-09-14 11:13:10,20.3,40.0,719.3,22.9,92.4
cactai-01,2026-09-14 11:33:10,20.3,42.8,772.3,23.5,89.5
cactai-01,2026-09-14 11:53:10,22.7,43.7,879.1,23.0,81.7
cactai-01,2026-09-14 12:13:10,21.1,42.8,825.7,24.2,86.3
cactai-01,2026-09-14 12:33:10,23.2,40.9,810.9,23.9,84.6
cactai-01,2026-09-14 12:53:10,23.1,38.5,843.5,24.5,84.1
cactai-01,2026-09-14 13:13:10,22.9,40.5,726.8,24.4,88.4
cactai-01,2026-09-14 13:33:10,21.0,35.2,779.5,25.4,90.6
cactai-01,2026-09-14 13:53:10,21.2,40.0,661.4,24.3,93.5
cactai-01,2026-09-14 14:13:10,21.3,33.7,730.1,24.2,91.8
cactai-01,2026-09-14 14:33:10,22.2,38.1,649.7,24.9,93.2
cactai-01,2026-09-14 14:53:10,21.2,36.5,536.5,25.8,90.5
cactai-01,2026-09-14 15:13:10,21.6,37.2,562.0,25.4,90.8
cactai-01,2026-09-14 15:33:10,20.8,32.8,445.5,24.3,87.2
cactai-01,2026-09-14 15:53:10,22.1,33.5,383.4,25.0,83.1
cactai-01,2026-09-14 16:13:10,20.0,31.8,340.5,25.0,83.9
cactai-01,2026-09-14 16:33:10,19.0,32.9,292.5,24.7,83.7
cactai-01,2026-09-14 16:53:10,21.3,32.7,237.1,24.7,78.2
cactai-01,2026-09-14 17:13:10,19.1,33.2,169.5,23.7,78.7
cactai-01,2026-09-14 17:33:10,20.0,27.6,99.4,24.6,73.0
cactai-01,2026-09-14 17:53:10,20.3,30.5,24.1,23.9,63.4
cactai-01,2026-09-14 18:13:10,19.3,28.4,0.0,24.1,64.3
cactai-01,2026-09-14 18:33:10,22.5,26.5,0.0,23.7,59.1
cactai-01,2026-09-14 18:53:10,21.8,29.6,0.0,22.9,61.0
cactai-01,2026-09-14 19:13:10,20.8,25.6,8.3,22.0,61.2
cactai-01,2026-09-14 19:33:10,22.3,26.4,8.1,22.9,59.3
cactai-01,2026-09-14 19:53:10,20.2,28.2,5.2,22.2,62.9
cactai-01,2026-09-14 20:13:10,21.8,25.3,3.3,21.3,59.7
cactai-01,2026-09-14 20:33:10,21.9,29.6,12.8,22.3,61.0
cactai-01,2026-09-14 20:53:10,19.6,24.4,8.2,20.5,62.6
cactai-01,2026-09-14 21:13:10,19.7,24.8,7.3,21.0,62.5
cactai-01,2026-09-14 21:33:10,21.9,26.0,9.3,20.3,59.8
cactai-01,2026-09-14 21:53:10,20.6,27.6,4.6,19.9,62.1
cactai-01,2026-09-14 22:13:10,18.3,25.9,6.4,19.3,64.9
cactai-01,2026-09-14 22:33:10,21.6,25.5,6.5,19.8,60.1
cactai-01,2026-09-14 22:53:10,19.6,26.8,6.9,19.2,63.2
cactai-01,2026-09-14 23:13:10,21.5,30.5,9.1,18.2,61.7
cactai-01,2026-09-14 23:33:10,21.7,26.2,3.9,17.8,60.2
cactai-01,2026-09-14 23:53:10,18.2,29.7,7.6,18.1,66.1
cactai-01,2026-09-15 00:13:10,20.3,29.9,13.6,18.8,63.3
cactai-01,2026-09-15 00:33:10,19.5,28.6,11.6,18.2,64.0
cactai-01,2026-09-15 00:53:10,19.8,30.9,4.4,17.4,64.2
cactai-01,2026-09-15 01:13:10,21.3,33.2,9.9,17.6,62.8
cactai-01,2026-09-15 01:33:10,19.7,30.1,7.7,18.0,64.2
cactai-01,2026-09-15 01:53:10,20.8,32.6,14.5,16.9,63.3
cactai-01,2026-09-15 02:13:10,18.1,32.6,7.3,16.4,67.1
cactai-01,2026-09-15 02:33:10,19.2,33.9,13.6,17.0,65.9
cactai-01,2026-09-15 02:53:10,19.1,36.0,14.7,17.0,66.2
cactai-01,2026-09-15 03:13:10,18.8,35.7,12.5,16.5,66.7
cactai-01,2026-09-15 03:33:10,20.3,38.2,5.5,17.1,63.8
cactai-01,2026-09-15 03:53:10,19.7,36.0,13.6,17.7,65.3
cactai-01,2026-09-15 04:13:10,20.0,37.5,7.2,16.6,64.4
cactai-01,2026-09-15 04:33:10,20.2,36.4,1.2,16.8,64.5
cactai-01,2026-09-15 04:53:10,18.0,37.2,10.8,18.0,67.3
cactai-01,2026-09-15 05:13:10,19.4,37.7,7.2,17.1,65.2
cactai-01,2026-09-15 05:33:10,17.7,40.4,0.3,17.3,65.9
cactai-01,2026-09-15 05:53:10,19.7,37.8,0.6,17.7,64.7
cactai-01,2026-09-15 06:13:10,21.2,41.6,42.5,18.4,61.5
cactai-01,2026-09-15 06:33:10,20.2,42.4,103.7,18.3,72.8
cactai-01,2026-09-15 06:53:10,19.1,44.8,168.2,19.5,76.2
cactai-01,2026-09-15 07:13:10,20.6,42.7,234.0,19.7,77.4
cactai-01,2026-09-15 07:33:10,18.0,43.4,336.0,19.1,84.9
cactai-01,2026-09-15 07:53:10,18.6,42.4,395.6,20.0,86.8
cactai-01,2026-09-15 08:13:10,18.7,40.5,414.9,19.7,87.9
cactai-01,2026-09-15 08:33:10,19.2,42.5,530.9,20.0,91.4
cactai-01,2026-09-15 08:53:10,19.0,43.7,503.9,20.1,90.1
cactai-01,2026-09-15 09:13:10,19.1,40.7,630.7,21.2,96.0
cactai-01,2026-09-15 09:33:10,19.5,44.9,593.6,22.2,92.7
cactai-01,2026-09-15 09:53:10,19.6,42.9,717.7,21.7,92.7
cactai-01,2026-09-15 10:13:10,19.1,41.0,649.2,22.7,96.6
cactai-01,2026-09-15 10:33:10,18.5,42.9,786.1,23.0,91.5
cactai-01,2026-09-15 10:53:10,19.7,39.6,806.1,22.3,90.0
cactai-01,2026-09-15 11:13:10,17.8,43.8,779.7,22.8,91.9
cactai-01,2026-09-15 11:33:10,18.5,39.4,854.3,23.8,89.9
cactai-01,2026-09-15 11:53:10,19.1,38.5,845.9,23.0,89.6
cactai-01,2026-09-15 12:13:10,19.5,39.2,823.4,23.8,89.7
cactai-01,2026-09-15 12:33:10,19.3,38.3,737.1,24.8,93.7
cactai-01,2026-09-15 12:53:10,18.1,37.9,766.8,24.7,94.3
cactai-01,2026-09-15 13:13:10,18.3,40.3,798.5,24.5,92.0
cactai-01,2026-09-15 13:33:10,18.8,36.5,716.0,24.4,95.8
cactai-01,2026-09-15 13:53:10,19.4,38.7,682.8,25.4,95.6
cactai-01,2026-09-15 14:13:10,19.5,36.3,690.3,25.2,95.9
cactai-01,2026-09-15 14:33:10,17.4,35.3,585.8,24.7,96.4
cactai-01,2026-09-15 14:53:10,19.3,36.5,588.6,24.5,95.3
cactai-01,2026-09-15 15:13:10,16.5,32.1,582.2,24.4,94.2
cactai-01,2026-09-15 15:33:10,18.1,31.2,519.4,24.5,93.5
cactai-01,2026-09-15 15:53:10,16.5,32.5,385.6,25.7,86.6
cactai-01,2026-09-15 16:13:10,18.4,33.8,368.3,25.0,87.8
cactai-01,2026-09-15 16:33:10,19.6,32.7,322.9,24.6,84.0
cactai-01,2026-09-15 16:53:10,18.9,33.0,216.8,24.2,80.9
cactai-01,2026-09-15 17:13:10,18.6,30.7,147.7,23.9,77.8
cactai-01,2026-09-15 17:33:10,16.3,28.5,87.8,23.3,73.2
cactai-01,2026-09-15 17:53:10,20.1,31.2,22.8,23.7,63.9
cactai-01,2026-09-15 18:13:10,18.4,29.1,0.0,24.0,65.6
cactai-01,2026-09-15 18:33:10,16.4,27.3,0.0,23.9,63.5
cactai-01,2026-09-15 18:53:10,17.4,31.0,0.0,22.7,66.0
cactai-01,2026-09-15 19:13:10,19.7,28.3,2.9,22.4,63.6
cactai-01,2026-09-15 19:33:10,16.3,26.3,1.6,23.2,63.0
cactai-01,2026-09-15 19:53:10,19.4,29.2,14.4,22.3,64.3
cactai-01,2026-09-15 20:13:10,18.1,28.8,14.5,22.2,65.9
cactai-01,2026-09-15 20:33:10,17.7,27.6,6.9,20.7,65.3
cactai-01,2026-09-15 20:53:10,18.4,30.0,1.0,21.4,66.0
cactai-01,2026-09-15 21:13:10,19.6,27.1,4.7,20.0,63.4
cactai-01,2026-09-15 21:33:10,16.1,28.1,3.7,20.9,63.3
cactai-01,2026-09-15 21:53:10,17.6,26.3,14.0,20.7,64.9
cactai-01,2026-09-15 22:13:10,18.4,29.9,14.2,19.7,65.9
cactai-01,2026-09-15 22:33:10,19.1,25.9,11.0,18.9,63.7
cactai-01,2026-09-15 22:53:10,16.2,25.6,9.3,19.8,62.7
cactai-01,2026-09-15 23:13:10,18.0,29.9,10.0,18.9,66.4
cactai-01,2026-09-15 23:33:10,18.0,28.7,7.2,19.3,66.1
cactai-01,2026-09-15 23:53:10,17.5,32.1,13.0,18.9,66.4
cactai-01,2026-09-16 00:13:10,17.8,27.0,3.3,18.5,65.3
cactai-01,2026-09-16 00:33:10,17.4,29.6,8.1,18.1,65.6
cactai-01,2026-09-16 00:53:10,18.2,30.6,14.6,17.9,66.4
cactai-01,2026-09-16 01:13:10,17.7,30.4,3.2,17.6,66.1
cactai-01,2026-09-16 01:33:10,16.3,31.9,8.2,17.5,64.6
cactai-01,2026-09-16 01:53:10,16.1,33.9,7.5,17.0,65.0
cactai-01,2026-09-16 02:13:10,16.0,31.2,4.2,17.2,64.0
cactai-01,2026-09-16 02:33:10,16.3,32.5,1.5,16.9,64.8
cactai-01,2026-09-16 02:53:10,19.0,32.7,2.2,17.5,65.9
cactai-01,2026-09-16 03:13:10,19.1,37.5,7.5,17.0,65.7
cactai-01,2026-09-16 03:33:10,16.3,36.5,11.8,17.1,65.2
cactai-01,2026-09-16 03:53:10,15.3,38.7,10.4,17.1,63.1
cactai-01,2026-09-16 04:13:10,16.4,36.7,6.7,17.3,65.2
cactai-01,2026-09-16 04:33:10,15.1,35.9,3.9,17.9,63.6
cactai-01,2026-09-16 04:53:10,17.3,39.7,3.0,17.0,65.6
cactai-01,2026-09-16 05:13:10,17.6,39.3,5.3,18.0,66.2
cactai-01,2026-09-16 05:33:10,16.0,40.7,5.7,17.3,63.5
cactai-01,2026-09-16 05:53:10,16.2,41.3,12.1,18.2,63.6
cactai-01,2026-09-16 06:13:10,15.1,38.9,48.5,17.9,62.7
cactai-01,2026-09-16 06:33:10,15.9,40.0,110.6,18.8,74.0
cactai-01,2026-09-16 06:53:10,16.5,44.0,175.0,18.7,76.2
cactai-01,2026-09-16 07:13:10,18.6,41.6,254.9,18.7,81.4
cactai-01,2026-09-16 07:33:10,17.6,43.4,285.7,20.2,82.3
cactai-01,2026-09-16 07:53:10,14.9,40.7,393.9,19.2,83.8
cactai-01,2026-09-16 08:13:10,18.1,43.1,400.4,19.4,87.4
cactai-01,2026-09-16 08:33:10,17.6,40.4,485.1,20.1,91.2
cactai-01,2026-09-16 08:53:10,17.1,45.3,510.4,20.6,90.1
cactai-01,2026-09-16 09:13:10,15.6,43.7,566.7,20.6,90.7
cactai-01,2026-09-16 09:33:10,14.6,43.9,684.4,22.2,91.1
cactai-01,2026-09-16 09:53:10,16.3,45.6,656.5,22.0,94.2
cactai-01,2026-09-16 10:13:10,16.2,45.4,681.9,22.6,93.0
cactai-01,2026-09-16 10:33:10,16.7,43.1,695.1,22.8,94.0
cactai-01,2026-09-16 10:53:10,16.4,42.9,775.9,22.6,90.4
cactai-01,2026-09-16 11:13:10,16.4,43.5,759.3,23.1,90.9
cactai-01,2026-09-16 11:33:10,15.3,40.1,773.1,22.7,89.7
cactai-01,2026-09-16 11:53:10,17.6,39.9,850.1,23.7,89.9
cactai-01,2026-09-16 12:13:10,17.8,43.0,720.2,23.9,94.6
cactai-01,2026-09-16 12:33:10,15.8,38.5,714.0,23.8,93.4
cactai-01,2026-09-16 12:53:10,15.6,38.7,702.0,24.5,93.4
cactai-01,2026-09-16 13:13:10,14.7,40.0,743.8,24.4,90.1
cactai-01,2026-09-16 13:33:10,15.1,37.5,717.2,24.3,92.5
cactai-01,2026-09-16 13:53:10,17.6,39.2,742.0,25.1,94.5
cactai-01,2026-09-16 14:13:10,16.9,38.5,640.2,24.8,97.0
cactai-01,2026-09-16 14:33:10,14.6,34.7,672.7,25.2,94.3
cactai-01,2026-09-16 14:53:10,15.0,36.0,596.4,24.5,93.3
cactai-01,2026-09-16 15:13:10,14.0,34.8,481.5,24.5,87.6
cactai-01,2026-09-16 15:33:10,14.9,35.1,440.6,25.3,87.2
cactai-01,2026-09-16 15:53:10,14.4,33.1,398.5,24.6,84.3
cactai-01,2026-09-16 16:13:10,16.9,35.5,346.5,24.7,86.2
cactai-01,2026-09-16 16:33:10,15.0,33.9,313.7,25.4,82.0
cactai-01,2026-09-16 16:53:10,16.8,28.6,210.1,24.5,78.7
cactai-01,2026-09-16 17:13:10,17.0,32.5,152.9,24.9,77.9
cactai-01,2026-09-16 17:33:10,16.7,28.5,86.9,24.6,73.6
cactai-01,2026-09-16 17:53:10,16.5,26.7,24.2,23.9,63.4
cactai-01,2026-09-16 18:13:10,15.6,31.9,0.0,23.6,63.7
cactai-01,2026-09-16 18:33:10,14.7,27.5,0.0,23.6,61.2
cactai-01,2026-09-16 18:53:10,17.2,28.3,0.0,22.7,64.9
cactai-01,2026-09-16 19:13:10,16.9,30.0,3.0,22.3,65.0
cactai-01,2026-09-16 19:33:10,14.7,25.6,9.5,22.1,60.5
cactai-01,2026-09-16 19:53:10,13.4,24.6,11.8,22.6,58.4
cactai-01,2026-09-16 20:13:10,14.8,24.7,8.9,21.3,60.4
cactai-01,2026-09-16 20:33:10,17.0,30.0,9.3,21.7,65.1
cactai-01,2026-09-16 20:53:10,16.0,28.8,9.7,20.5,63.4
cactai-01,2026-09-16 21:13:10,16.3,28.6,14.7,21.3,63.7
cactai-01,2026-09-16 21:33:10,15.9,26.2,2.9,19.8,62.4
cactai-01,2026-09-16 21:53:10,14.9,26.0,7.3,20.4,60.9
cactai-01,2026-09-16 22:13:10,14.5,28.8,2.8,19.4,61.2
cactai-01,2026-09-16 22:33:10,15.3,25.1,13.7,18.9,61.2
cactai-01,2026-09-16 22:53:10,14.5,25.0,4.0,19.3,60.0
cactai-01,2026-09-16 23:13:10,13.0,30.5,2.8,19.2,59.7
cactai-01,2026-09-16 23:33:10,15.6,29.0,10.8,18.3,62.8
cactai-01,2026-09-16 23:53:10,15.1,29.9,7.5,18.0,62.4
cactai-01,2026-09-17 00:13:10,14.9,27.1,1.7,18.6,61.3
cactai-01,2026-09-17 00:33:10,13.6,30.1,13.1,17.2,60.4
cactai-01,2026-09-17 00:53:10,15.4,30.9,12.5,17.9,63.2
cactai-01,2026-09-17 01:13:10,15.2,28.8,5.5,18.1,62.2
cactai-01,2026-09-17 01:33:10,16.3,29.5,7.4,17.8,63.9
cactai-01,2026-09-17 01:53:10,16.4,32.2,8.4,17.0,65.0
cactai-01,2026-09-17 02:13:10,13.7,30.6,12.4,16.4,60.7
cactai-01,2026-09-17 02:33:10,16.4,31.6,14.2,17.4,64.8
cactai-01,2026-09-17 02:53:10,14.7,33.2,2.8,17.2,62.8
cactai-01,2026-09-17 03:13:10,14.2,33.1,11.2,17.2,62.1
cactai-01,2026-09-17 03:33:10,15.2,38.4,6.9,16.5,63.0
cactai-01,2026-09-17 03:53:10,13.8,34.8,6.0,17.9,62.1
cactai-01,2026-09-17 04:13:10,13.7,40.5,5.3,16.9,60.3
cactai-01,2026-09-17 04:33:10,14.1,39.5,11.5,17.5,61.2
cactai-01,2026-09-17 04:53:10,15.4,41.3,3.2,17.1,62.5
cactai-01,2026-09-17 05:13:10,13.9,40.7,6.7,18.4,60.5
cactai-01,2026-09-17 05:33:10,16.3,38.8,7.8,17.5,64.4
cactai-01,2026-09-17 05:53:10,12.3,42.4,12.8,18.4,57.8
cactai-01,2026-09-17 06:13:10,14.4,41.3,43.3,19.0,61.1
cactai-01,2026-09-17 06:33:10,12.3,40.5,106.9,18.0,68.7
cactai-01,2026-09-17 06:53:10,14.5,40.2,178.5,19.4,74.6
cactai-01,2026-09-17 07:13:10,13.7,44.7,230.1,19.6,74.3
cactai-01,2026-09-17 07:33:10,15.2,40.5,329.9,20.0,81.7
cactai-01,2026-09-17 07:53:10,14.3,45.1,393.0,20.0,81.6
cactai-01,2026-09-17 08:13:10,14.9,43.3,421.1,19.5,84.0
cactai-01,2026-09-17 08:33:10,15.0,42.0,451.3,21.0,85.8
cactai-01,2026-09-17 08:53:10,15.4,45.2,539.0,20.4,88.8
cactai-01,2026-09-17 09:13:10,14.3,40.1,615.1,21.7,91.9
cactai-01,2026-09-17 09:33:10,13.1,40.2,625.9,21.6,90.6
cactai-01,2026-09-17 09:53:10,13.8,41.1,632.6,21.2,91.6
cactai-01,2026-09-17 10:13:10,13.3,42.3,747.5,22.4,87.4
cactai-01,2026-09-17 10:33:10,12.6,41.1,743.8,22.4,86.9
cactai-01,2026-09-17 10:53:10,12.0,42.5,709.7,22.2,87.0
cactai-01,2026-09-17 11:13:10,12.0,41.7,767.4,23.6,84.9
cactai-01,2026-09-17 11:33:10,12.2,41.6,735.7,23.5,86.4
cactai-01,2026-09-17 11:53:10,12.4,41.5,824.0,24.1,83.2
cactai-01,2026-09-17 12:13:10,11.8,42.0,758.2,23.7,85.0
cactai-01,2026-09-17 12:33:10,11.9,40.8,858.9,24.1,81.3
cactai-01,2026-09-17 12:53:10,12.8,39.8,755.1,23.6,87.0
cactai-01,2026-09-17 13:13:10,15.4,39.3,730.1,25.4,91.9
cactai-01,2026-09-17 13:33:10,12.0,35.2,726.5,25.2,88.5
cactai-01,2026-09-17 13:53:10,12.9,38.9,662.4,25.4,91.2
cactai-01,2026-09-17 14:13:10,11.6,39.3,617.2,25.6,88.4
cactai-01,2026-09-17 14:33:10,14.6,33.0,674.6,25.3,93.6
cactai-01,2026-09-17 14:53:10,13.1,32.4,537.4,24.5,87.8
cactai-01,2026-09-17 15:13:10,12.0,34.7,536.8,24.6,87.0
cactai-01,2026-09-17 15:33:10,14.1,31.7,477.0,25.3,86.7
cactai-01,2026-09-17 15:53:10,13.5,34.1,380.4,24.2,82.6
cactai-01,2026-09-17 16:13:10,12.3,34.2,336.3,25.0,79.2
cactai-01,2026-09-17 16:33:10,13.7,28.9,269.9,24.5,77.0
cactai-01,2026-09-17 16:53:10,14.5,32.2,220.0,25.1,77.0
cactai-01,2026-09-17 17:13:10,14.5,31.5,147.2,23.9,73.9
cactai-01,2026-09-17 17:33:10,14.9,27.6,91.8,23.8,71.1
cactai-01,2026-09-17 17:53:10,13.1,27.6,26.2,23.9,58.9
cactai-01,2026-09-17 18:13:10,14.6,26.2,0.0,23.3,60.6
cactai-01,2026-09-17 18:33:10,12.2,28.0,0.0,22.8,57.8
cactai-01,2026-09-17 18:53:10,12.2,28.9,0.0,22.7,58.1
cactai-01,2026-09-17 19:13:10,14.0,28.6,7.5,23.4,60.5
cactai-01,2026-09-17 19:33:10,10.9,27.9,12.2,22.1,55.9
cactai-01,2026-09-17 19:53:10,13.4,24.9,13.5,22.0,58.5
cactai-01,2026-09-17 20:13:10,13.2,25.5,9.2,21.4,58.4
cactai-01,2026-09-17 20:33:10,14.3,26.0,14.6,21.5,60.1
cactai-01,2026-09-17 20:53:10,12.8,28.8,2.1,21.7,58.8
cactai-01,2026-09-17 21:13:10,12.7,24.8,10.6,21.6,57.5
cactai-01,2026-09-17 21:33:10,14.3,29.6,2.2,20.1,61.2
cactai-01,2026-09-17 21:53:10,11.0,26.1,14.2,20.7,55.5
cactai-01,2026-09-17 22:13:10,14.0,26.9,11.5,19.6,60.0
cactai-01,2026-09-17 22:33:10,14.0,30.2,14.0,19.1,61.0
cactai-01,2026-09-17 22:53:10,11.1,29.5,1.6,19.3,56.8
cactai-01,2026-09-17 23:13:10,11.3,26.7,8.5,19.1,56.1
cactai-01,2026-09-17 23:33:10,12.2,28.7,10.3,18.7,58.0
cactai-01,2026-09-17 23:53:10,13.7,29.1,5.6,17.7,60.2
cactai-01,2026-09-18 00:13:10,13.3,26.8,0.5,17.6,59.0
cactai-01,2026-09-18 00:33:10,14.2,31.8,11.1,17.1,61.7
cactai-01,2026-09-18 00:53:10,13.7,30.7,14.8,17.3,60.6
cactai-01,2026-09-18 01:13:10,11.8,28.7,3.7,17.8,57.4
cactai-01,2026-09-18 01:33:10,12.6,33.5,4.7,17.4,59.9
cactai-01,2026-09-18 01:53:10,13.2,32.8,13.1,17.1,60.7
cactai-01,2026-09-18 02:13:10,14.0,33.5,0.6,16.9,62.0
cactai-01,2026-09-18 02:33:10,12.1,34.8,8.4,16.3,59.6
cactai-01,2026-09-18 02:53:10,11.2,36.7,6.0,16.9,57.9
cactai-01,2026-09-18 03:13:10,10.1,35.6,9.2,16.4,56.8
cactai-01,2026-09-18 03:33:10,12.8,33.8,6.8,17.5,60.3
cactai-01,2026-09-18 03:53:10,10.4,36.3,10.4,17.0,57.0
cactai-01,2026-09-18 04:13:10,12.7,35.7,8.9,17.1,60.3
cactai-01,2026-09-18 04:33:10,13.4,39.9,10.4,17.7,60.1
cactai-01,2026-09-18 04:53:10,11.5,38.0,1.7,17.5,58.1
cactai-01,2026-09-18 05:13:10,11.8,42.1,11.9,17.5,57.1
cactai-01,2026-09-18 05:33:10,13.3,40.3,11.5,18.1,59.9
cactai-01,2026-09-18 05:53:10,10.4,41.8,13.0,18.0,55.3
cactai-01,2026-09-18 06:13:10,12.7,40.6,43.6,18.5,58.9
cactai-01,2026-09-18 06:33:10,10.1,39.6,106.0,18.8,65.8
cactai-01,2026-09-18 06:53:10,11.4,43.9,174.3,19.0,69.0
cactai-01,2026-09-18 07:13:10,13.0,40.6,225.8,19.3,74.4
cactai-01,2026-09-18 07:33:10,11.1,39.9,314.3,19.7,75.4
cactai-01,2026-09-18 07:53:10,11.6,43.4,359.3,19.9,76.9
cactai-01,2026-09-18 08:13:10,9.6,40.7,467.2,20.4,79.2
cactai-01,2026-09-18 08:33:10,12.8,43.9,449.4,21.1,82.0
cactai-01,2026-09-18 08:53:10,13.0,40.3,526.0,20.7,86.5
cactai-01,2026-09-18 09:13:10,12.0,43.7,558.4,21.5,85.3
cactai-01,2026-09-18 09:33:10,12.4,41.0,653.2,21.5,90.2
cactai-01,2026-09-18 09:53:10,12.9,40.3,691.0,21.6,89.7
cactai-01,2026-09-18 10:13:10,10.7,40.0,695.6,22.1,86.4
cactai-01,2026-09-18 10:33:10,10.3,40.2,750.5,22.9,83.7
cactai-01,2026-09-18 10:53:10,11.2,42.2,731.5,23.2,85.1
cactai-01,2026-09-18 11:13:10,9.5,43.1,800.8,23.4,79.6
cactai-01,2026-09-18 11:33:10,11.0,42.4,871.9,24.2,79.0
cactai-01,2026-09-18 11:53:10,10.1,41.5,877.4,23.4,78.0
cactai-01,2026-09-18 12:13:10,12.9,39.5,802.8,23.4,85.5
cactai-01,2026-09-18 12:33:10,11.0,40.6,801.6,24.2,82.5
cactai-01,2026-09-18 12:53:10,11.3,40.5,728.9,25.2,85.9
cactai-01,2026-09-18 13:13:10,8.9,39.4,684.0,24.0,84.7
cactai-01,2026-09-18 13:33:10,12.0,41.0,786.2,24.6,84.4
cactai-01,2026-09-18 13:53:10,11.0,38.1,681.3,24.0,88.0
cactai-01,2026-09-18 14:13:10,9.9,38.4,629.0,24.6,86.8
cactai-01,2026-09-18 14:33:10,10.0,33.0,629.1,25.3,87.4
cactai-01,2026-09-18 14:53:10,11.6,35.9,564.2,24.2,87.3
cactai-01,2026-09-18 15:13:10,10.0,33.6,498.1,25.3,82.2
cactai-01,2026-09-18 15:33:10,11.8,34.7,518.5,24.9,86.0
cactai-01,2026-09-18 15:53:10,12.1,33.4,431.7,24.6,82.6
cactai-01,2026-09-18 16:13:10,10.2,34.0,380.5,25.3,78.0
cactai-01,2026-09-18 16:33:10,11.4,30.7,284.5,24.7,74.8
cactai-01,2026-09-18 16:53:10,11.2,33.0,217.1,25.1,72.6
cactai-01,2026-09-18 17:13:10,12.3,29.3,158.1,23.6,70.6
cactai-01,2026-09-18 17:33:10,10.9,32.1,103.1,24.3,67.3
cactai-01,2026-09-18 17:53:10,10.7,31.7,23.9,24.3,56.8
cactai-01,2026-09-18 18:13:10,9.6,26.2,0.0,23.5,53.6
cactai-01,2026-09-18 18:33:10,9.2,28.3,0.0,24.1,53.7
cactai-01,2026-09-18 18:53:10,9.4,25.9,0.0,23.6,53.3
cactai-01,2026-09-18 19:13:10,10.0,25.0,13.7,22.8,53.8
cactai-01,2026-09-18 19:33:10,11.9,29.0,2.9,22.5,57.6
cactai-01,2026-09-18 19:53:10,11.6,29.3,2.1,22.9,57.3
cactai-01,2026-09-18 20:13:10,11.0,26.9,2.0,22.2,55.8
cactai-01,2026-09-18 20:33:10,11.8,28.2,0.1,21.6,57.2
cactai-01,2026-09-18 20:53:10,8.2,27.1,7.0,21.4,51.9
cactai-01,2026-09-18 21:13:10,9.2,29.4,8.7,20.5,54.0
cactai-01,2026-09-18 21:33:10,9.2,26.7,4.1,19.8,53.2
cactai-01,2026-09-18 21:53:10,8.0,28.0,4.1,20.1,51.8
cactai-01,2026-09-18 22:13:10,9.1,25.3,5.3,20.1,52.7
cactai-01,2026-09-18 22:33:10,8.1,28.3,3.7,19.2,52.2
cactai-01,2026-09-18 22:53:10,9.7,29.0,2.0,18.5,54.6
cactai-01,2026-09-18 23:13:10,8.5,28.9,6.4,19.0,52.8
cactai-01,2026-09-18 23:33:10,10.2,27.6,10.5,19.0,54.8
cactai-01,2026-09-18 23:53:10,9.8,32.0,10.1,18.7,55.7
cactai-01,2026-09-19 00:13:10,10.9,32.2,2.0,18.0,57.2
cactai-01,2026-09-19 00:33:10,10.5,30.0,10.3,17.4,55.9
cactai-01,2026-09-19 00:53:10,10.1,33.3,12.9,17.4,56.4
cactai-01,2026-09-19 01:13:10,10.7,33.7,10.0,17.4,57.4
cactai-01,2026-09-19 01:33:10,8.9,31.8,7.1,16.8,54.3
cactai-01,2026-09-19 01:53:10,8.0,30.3,9.1,17.7,52.6
cactai-01,2026-09-19 02:13:10,10.0,35.1,4.9,17.1,56.8
cactai-01,2026-09-19 02:33:10,9.9,34.3,6.2,17.8,56.4
cactai-01,2026-09-19 02:53:10,10.6,35.3,5.1,17.5,57.6
cactai-01,2026-09-19 03:13:10,9.5,33.9,11.8,17.3,55.8
cactai-01,2026-09-19 03:33:10,9.6,36.1,14.0,17.2,55.9
cactai-01,2026-09-19 03:53:10,10.5,34.9,8.3,17.8,57.5
cactai-01,2026-09-19 04:13:10,10.5,39.1,1.6,17.0,56.2
cactai-01,2026-09-19 04:33:10,7.5,40.1,9.9,17.9,51.8
cactai-01,2026-09-19 04:53:10,7.2,36.7,9.5,16.9,52.3
cactai-01,2026-09-19 05:13:10,9.4,37.6,5.8,17.9,55.2
cactai-01,2026-09-19 05:33:10,10.7,38.8,8.6,18.6,56.7
cactai-01,2026-09-19 05:53:10,8.4,38.0,14.7,17.3,53.7
cactai-01,2026-09-19 06:13:10,8.6,38.7,49.8,18.0,53.8
cactai-01,2026-09-19 06:33:10,9.2,38.7,111.8,18.9,65.0
cactai-01,2026-09-19 06:53:10,8.4,44.0,195.1,19.5,65.6
cactai-01,2026-09-19 07:13:10,9.7,41.5,237.3,18.9,69.9
cactai-01,2026-09-19 07:33:10,8.4,42.7,308.4,19.8,70.6
cactai-01,2026-09-19 07:53:10,7.6,42.0,376.8,20.5,72.4
cactai-01,2026-09-19 08:13:10,7.4,45.8,468.5,20.5,74.7
cactai-01,2026-09-19 08:33:10,7.0,40.0,459.0,20.9,75.5
cactai-01,2026-09-19 08:53:10,8.5,45.9,546.7,20.2,79.2
cactai-01,2026-09-19 09:13:10,8.3,42.7,613.8,21.7,82.7
cactai-01,2026-09-19 09:33:10,8.3,41.0,654.4,21.6,84.5
cactai-01,2026-09-19 09:53:10,8.4,41.9,687.4,21.4,83.0
cactai-01,2026-09-19 10:13:10,8.9,44.7,729.3,21.8,81.2
cactai-01,2026-09-19 10:33:10,8.2,42.6,743.3,22.4,80.2
cactai-01,2026-09-19 10:53:10,8.8,43.3,839.3,22.3,77.0
cactai-01,2026-09-19 11:13:10,9.2,39.5,780.3,23.6,81.1
cactai-01,2026-09-19 11:33:10,10.4,43.0,871.3,23.4,78.1
cactai-01,2026-09-19 11:53:10,10.0,38.4,732.2,23.7,84.4
cactai-01,2026-09-19 12:13:10,10.2,37.8,837.3,24.2,80.7
cactai-01,2026-09-19 12:33:10,7.6,37.1,838.9,24.0,77.2
cactai-01,2026-09-19 12:53:10,8.2,39.3,822.1,24.4,78.1
cactai-01,2026-09-19 13:13:10,7.9,41.4,795.3,25.0,78.2
cactai-01,2026-09-19 13:33:10,6.4,40.5,704.0,25.1,79.9
cactai-01,2026-09-19 13:53:10,8.4,34.7,736.7,24.8,83.0
cactai-01,2026-09-19 14:13:10,6.3,39.6,624.7,25.4,81.3
cactai-01,2026-09-19 14:33:10,7.3,33.4,643.9,25.0,84.2
cactai-01,2026-09-19 14:53:10,7.2,33.0,623.7,24.6,83.2
cactai-01,2026-09-19 15:13:10,6.1,32.2,570.8,24.5,79.3
cactai-01,2026-09-19 15:33:10,6.6,33.5,487.4,25.5,77.1
cactai-01,2026-09-19 15:53:10,8.8,33.1,400.9,25.4,76.5
cactai-01,2026-09-19 16:13:10,7.3,30.0,386.1,24.2,73.0
cactai-01,2026-09-19 16:33:10,6.5,31.8,322.2,25.5,69.8
cactai-01,2026-09-19 16:53:10,6.8,30.9,243.0,24.7,66.8
cactai-01,2026-09-19 17:13:10,8.8,29.7,153.5,24.6,65.6
cactai-01,2026-09-19 17:33:10,6.2,28.1,98.8,24.0,59.4
cactai-01,2026-09-19 17:53:10,8.7,31.0,23.5,24.0,53.8
cactai-01,2026-09-19 18:13:10,8.5,28.9,0.0,23.1,52.9
cactai-01,2026-09-19 18:33:10,5.7,31.2,0.0,23.3,49.6
cactai-01,2026-09-19 18:53:10,9.5,29.3,0.0,22.4,54.4
cactai-01,2026-09-19 19:13:10,9.4,27.4,9.6,23.5,53.7
cactai-01,2026-09-19 19:33:10,6.6,25.2,5.0,22.7,49.1
cactai-01,2026-09-19 19:53:10,8.5,28.7,11.6,22.3,52.9
cactai-01,2026-09-19 20:13:10,8.3,25.2,5.1,21.9,51.4
cactai-01,2026-09-19 20:33:10,5.5,24.6,12.5,20.8,47.4
cactai-01,2026-09-19 20:53:10,6.5,25.2,3.3,20.4,49.0
cactai-01,2026-09-19 21:13:10,8.0,29.0,14.1,21.5,52.2
cactai-01,2026-09-19 21:33:10,5.8,29.2,10.6,19.8,49.2
cactai-01,2026-09-19 21:53:10,7.6,30.0,13.5,20.7,51.9
cactai-01,2026-09-19 22:13:10,7.1,30.0,3.8,20.0,51.3
cactai-01,2026-09-19 22:33:10,6.9,30.1,4.1,19.9,51.0
cactai-01,2026-09-19 22:53:10,5.5,29.6,2.4,18.9,48.9
cactai-01,2026-09-19 23:13:10,9.0,26.9,0.9,18.7,53.0
cactai-01,2026-09-19 23:33:10,7.6,26.8,13.9,18.5,50.9
cactai-01,2026-09-19 23:53:10,6.0,30.0,11.5,18.9,49.7
cactai-01,2026-09-20 00:13:10,5.3,30.1,1.5,17.6,48.8
cactai-01,2026-09-20 00:33:10,5.6,31.1,13.4,18.5,49.5
cactai-01,2026-09-20 00:53:10,7.8,33.2,4.0,17.7,53.2
cactai-01,2026-09-20 01:13:10,6.9,31.0,14.1,18.0,51.3
cactai-01,2026-09-20 01:33:10,7.1,29.1,11.8,18.0,50.9
cactai-01,2026-09-20 01:53:10,7.1,35.3,7.2,16.9,52.7
cactai-01,2026-09-20 02:13:10,7.4,36.1,6.0,16.4,52.8
cactai-01,2026-09-20 02:33:10,5.1,33.8,14.4,17.5,49.6
cactai-01,2026-09-20 02:53:10,5,34.1,2.6,16.5,49.5
cactai-01,2026-09-20 03:13:10,7.3,34.6,13.4,16.3,52.8
cactai-01,2026-09-20 03:33:10,5.3,34.3,11.0,17.4,49.9
cactai-01,2026-09-20 03:53:10,5,37.1,7.3,16.8,49.2
cactai-01,2026-09-20 04:13:10,6.4,40.5,12.5,16.5,50.1
cactai-01,2026-09-20 04:33:10,5,35.9,11.8,17.8,49.5
cactai-01,2026-09-20 04:53:10,7.3,41.0,6.9,16.9,51.2
cactai-01,2026-09-20 05:13:10,5,37.2,13.9,17.9,49.1
cactai-01,2026-09-20 05:33:10,5,41.2,13.8,17.3,48.0
cactai-01,2026-09-20 05:53:10,5.7,42.2,0.7,18.0,48.6
cactai-01,2026-09-20 06:13:10,6.8,42.9,42.4,17.7,49.9
cactai-01,2026-09-20 06:33:10,7.6,39.7,114.7,19.1,62.6
cactai-01,2026-09-20 06:53:10,7.6,44.7,180.7,19.2,63.7
cactai-01,2026-09-20 07:13:10,8.2,42.6,241.7,18.6,67.7
cactai-01,2026-09-20 07:33:10,7.4,44.0,337.0,19.7,70.0
cactai-01,2026-09-20 07:53:10,5,40.5,366.2,19.7,68.8
cactai-01,2026-09-20 08:13:10,6.4,42.5,455.9,20.9,73.8
cactai-01,2026-09-20 08:33:10,5,45.0,449.8,20.7,70.8
cactai-01,2026-09-20 08:53:10,5,42.9,578.6,20.1,76.6
cactai-01,2026-09-20 09:13:10,5,43.9,558.6,21.8,75.5
cactai-01,2026-09-20 09:33:10,7.3,44.6,630.3,21.9,81.3
cactai-01,2026-09-20 09:53:10,6.6,42.9,640.3,21.8,81.2
cactai-01,2026-09-20 10:13:10,6.4,39.8,777.0,21.7,77.3
cactai-01,2026-09-20 10:33:10,7.7,43.1,743.0,23.0,79.5
cactai-01,2026-09-20 10:53:10,5,40.5,742.7,22.3,76.5
cactai-01,2026-09-20 11:13:10,5,40.9,788.0,23.6,74.5
cactai-01,2026-09-20 11:33:10,5,42.9,800.8,23.7,73.4
cactai-01,2026-09-20 11:53:10,5,42.6,763.9,24.0,75.0
cactai-01,2026-09-20 12:13:10,5.7,38.4,873.6,24.3,72.8
cactai-01,2026-09-20 12:33:10,6.3,38.5,719.4,24.1,79.8
cactai-01,2026-09-20 12:53:10,6.9,40.8,752.9,23.7,78.6
cactai-01,2026-09-20 13:13:10,7.3,36.7,796.3,25.0,78.7
cactai-01,2026-09-20 13:33:10,5,40.3,732.8,25.1,76.9
cactai-01,2026-09-20 13:53:10,5,35.5,717.8,25.1,78.9
cactai-01,2026-09-20 14:13:10,6.7,35.6,645.7,24.3,83.8
cactai-01,2026-09-20 14:33:10,7.0,35.2,658.1,24.5,84.2
cactai-01,2026-09-20 14:53:10,5.4,37.6,579.3,24.4,78.8
cactai-01,2026-09-20 15:13:10,5.3,33.9,578.3,24.4,78.9
cactai-01,2026-09-20 15:33:10,5.9,36.7,499.7,24.5,76.6
cactai-01,2026-09-20 15:53:10,6.1,30.5,389.6,24.3,71.6
cactai-01,2026-09-20 16:13:10,5.2,30.5,385.4,24.5,70.1
cactai-01,2026-09-20 16:33:10,5.7,33.6,319.4,24.9,69.1
cactai-01,2026-09-20 16:53:10,5,34.0,235.7,25.1,64.9
cactai-01,2026-09-20 17:13:10,6.6,30.5,149.4,25.1,62.7
cactai-01,2026-09-20 17:33:10,6.5,28.7,95.8,24.5,59.9
cactai-01,2026-09-20 17:53:10,5,28.5,25.6,24.0,47.8
cactai-01,2026-09-20 18:13:10,5.5,26.9,0.0,23.8,48.0
cactai-01,2026-09-20 18:33:10,7.0,25.8,0.0,23.3,49.8
cactai-01,2026-09-20 18:53:10,5,28.4,0.0,23.1,47.8
cactai-01,2026-09-20 19:13:10,5,26.3,12.3,22.9,47.2
cactai-01,2026-09-20 19:33:10,6.8,25.4,11.0,22.2,49.4
cactai-01,2026-09-20 19:53:10,5,26.2,1.4,22.5,47.2
cactai-01,2026-09-20 20:13:10,5,26.9,11.2,22.2,47.4
cactai-01,2026-09-20 20:33:10,6.0,26.3,6.1,21.4,48.6
cactai-01,2026-09-20 20:53:10,5,29.4,12.9,20.9,48.1
cactai-01,2026-09-20 21:13:10,5,29.7,6.4,20.8,48.2
cactai-01,2026-09-20 21:33:10,5,29.4,11.8,20.8,48.1
cactai-01,2026-09-20 21:53:10,5.4,29.5,14.2,19.5,48.7
cactai-01,2026-09-20 22:13:10,5,25.5,9.3,19.8,46.9
cactai-01,2026-09-20 22:33:10,5,30.5,10.6,19.0,48.5
cactai-01,2026-09-20 22:53:10,29.8,28.4,7.2,19.8,49.6
cactai-01,2026-09-20 23:13:10,26.9,27.4,11.2,18.4,53.3
cactai-01,2026-09-20 23:33:10,26.2,27.8,4.2,18.5,54.4
cactai-01,2026-09-20 23:53:10,28.7,30.2,1.8,18.3,51.5
cactai-01,2026-09-21 00:13:10,29.1,32.3,9.3,18.5,51.7
cactai-01,2026-09-21 00:33:10,29.4,30.0,1.0,17.1,50.5
cactai-01,2026-09-21 00:53:10,29.6,28.4,4.3,17.2,49.8
cactai-01,2026-09-21 01:13:10,29.2,31.5,7.4,17.6,51.2
cactai-01,2026-09-21 01:33:10,27.9,29.8,14.5,17.0,52.6
cactai-01,2026-09-21 01:53:10,26.8,30.1,9.7,17.8,54.1
cactai-01,2026-09-21 02:13:10,28.2,32.8,14.2,16.8,53.0
cactai-01,2026-09-21 02:33:10,28.0,35.2,4.9,17.6,54.0
cactai-01,2026-09-21 02:53:10,26.1,36.5,4.6,16.5,56.2
cactai-01,2026-09-21 03:13:10,29.4,37.1,7.3,16.3,51.4
cactai-01,2026-09-21 03:33:10,26.2,38.7,6.8,17.4,55.5
cactai-01,2026-09-21 03:53:10,28.8,38.0,14.6,17.4,52.0
cactai-01,2026-09-21 04:13:10,25.6,36.4,3.6,16.6,57.0
cactai-01,2026-09-21 04:33:10,27.6,35.4,2.8,17.0,54.4
cactai-01,2026-09-21 04:53:10,27.5,36.8,5.6,17.2,54.2
cactai-01,2026-09-21 05:13:10,27.3,37.3,6.1,17.6,54.3
cactai-01,2026-09-21 05:33:10,28.2,42.8,0.1,17.6,51.3
cactai-01,2026-09-21 05:53:10,26.4,43.1,7.1,18.9,53.8
cactai-01,2026-09-21 06:13:10,25.8,41.4,46.0,19.0,55.2
cactai-01,2026-09-21 06:33:10,27.9,42.8,113.5,19.2,62.3
cactai-01,2026-09-21 06:53:10,27.3,40.7,170.1,18.7,66.0
cactai-01,2026-09-21 07:13:10,26.9,39.7,267.6,18.5,70.9
cactai-01,2026-09-21 07:33:10,27.4,40.8,324.7,20.2,72.1
cactai-01,2026-09-21 07:53:10,25.1,42.9,361.8,19.8,76.1
cactai-01,2026-09-21 08:13:10,25.3,42.9,453.7,19.7,79.5
cactai-01,2026-09-21 08:33:10,27.4,45.6,477.2,21.2,76.8
cactai-01,2026-09-21 08:53:10,25.5,45.1,532.9,20.7,81.8
cactai-01,2026-09-21 09:13:10,26.0,42.1,581.7,22.0,83.9
cactai-01,2026-09-21 09:33:10,25.2,44.3,689.0,21.5,85.6
cactai-01,2026-09-21 09:53:10,28.0,41.5,747.3,22.4,80.1
cactai-01,2026-09-21 10:13:10,26.5,45.0,781.6,21.7,79.9
cactai-01,2026-09-21 10:33:10,25.1,40.6,756.0,22.5,84.2
cactai-01,2026-09-21 10:53:10,28.6,39.4,822.4,23.6,76.9
cactai-01,2026-09-21 11:13:10,25.0,41.1,823.4,23.9,81.4
cactai-01,2026-09-21 11:33:10,26.9,42.5,780.9,23.9,80.1
cactai-01,2026-09-21 11:53:10,25.3,40.1,741.6,23.8,84.5
cactai-01,2026-09-21 12:13:10,27.9,42.3,725.6,23.7,81.0
cactai-01,2026-09-21 12:33:10,26.4,36.9,801.1,23.4,81.6
cactai-01,2026-09-21 12:53:10,28.3,41.2,741.7,24.4,80.0
cactai-01,2026-09-21 13:13:10,28.0,38.1,783.1,24.6,79.7
cactai-01,2026-09-21 13:33:10,25.4,35.7,762.6,24.4,84.9
cactai-01,2026-09-21 13:53:10,24.6,38.8,774.4,25.0,84.6
cactai-01,2026-09-21 14:13:10,27.8,37.4,677.8,24.9,84.4
cactai-01,2026-09-21 14:33:10,24.8,36.0,652.7,25.1,90.1
cactai-01,2026-09-21 14:53:10,24.9,32.6,622.9,24.7,88.5
cactai-01,2026-09-21 15:13:10,24.8,32.5,573.0,24.6,86.7
cactai-01,2026-09-21 15:33:10,27.8,33.0,471.0,24.6,78.5
cactai-01,2026-09-21 15:53:10,27.9,33.2,423.5,25.3,76.5
cactai-01,2026-09-21 16:13:10,24.5,34.0,337.3,24.9,78.1
cactai-01,2026-09-21 16:33:10,27.4,33.0,318.5,24.4,73.0
cactai-01,2026-09-21 16:53:10,26.8,28.8,239.1,24.7,69.4
cactai-01,2026-09-21 17:13:10,24.1,30.7,173.4,24.1,71.2
cactai-01,2026-09-21 17:33:10,25.3,32.5,93.7,23.5,66.7
cactai-01,2026-09-21 17:53:10,24.8,27.6,22.7,24.5,56.2
cactai-01,2026-09-21 18:13:10,27.2,29.2,0.0,23.7,53.3
cactai-01,2026-09-21 18:33:10,26.9,26.3,0.0,23.3,52.9
cactai-01,2026-09-21 18:53:10,27.1,30.7,0.0,23.1,54.0
cactai-01,2026-09-21 19:13:10,27.1,30.2,5.4,23.0,53.9
cactai-01,2026-09-21 19:33:10,26.6,24.7,5.1,23.0,52.9
cactai-01,2026-09-21 19:53:10,24.3,25.7,12.9,21.6,56.4
cactai-01,2026-09-21 20:13:10,26.5,28.9,1.2,21.1,54.3
cactai-01,2026-09-21 20:33:10,23.8,24.7,11.4,21.9,56.8
cactai-01,2026-09-21 20:53:10,24.1,25.5,0.9,20.4,56.6
cactai-01,2026-09-21 21:13:10,26.7,29.5,11.3,20.3,54.2
cactai-01,2026-09-21 21:33:10,25.0,24.6,2.8,21.0,55.2
cactai-01,2026-09-21 21:53:10,24.9,25.2,14.2,20.1,55.4
cactai-01,2026-09-21 22:13:10,25.8,25.0,3.6,19.9,54.1
cactai-01,2026-09-21 22:33:10,24.2,26.3,3.3,20.1,56.7
cactai-01,2026-09-21 22:53:10,23.8,26.2,14.6,19.1,57.3
cactai-01,2026-09-21 23:13:10,25.7,27.9,5.5,19.5,55.1
cactai-01,2026-09-21 23:33:10,24.8,27.0,5.3,18.1,56.0
cactai-01,2026-09-21 23:53:10,23.8,26.8,14.8,17.7,57.4
cactai-01,2026-09-22 00:13:10,25.5,26.9,10.6,17.7,55.1
cactai-01,2026-09-22 00:33:10,25.6,29.1,4.3,18.6,55.6
cactai-01,2026-09-22 00:53:10,24.3,32.9,8.3,17.1,58.5
cactai-01,2026-09-22 01:13:10,25.0,32.5,12.6,16.9,57.4
cactai-01,2026-09-22 01:33:10,23.5,31.7,7.4,17.5,59.3
cactai-01,2026-09-22 01:53:10,24.7,33.2,2.2,16.5,58.1
cactai-01,2026-09-22 02:13:10,23.3,36.2,14.7,16.8,60.2
cactai-01,2026-09-22 02:33:10,23.5,36.1,14.9,17.4,60.0
cactai-01,2026-09-22 02:53:10,25.3,33.4,10.7,17.5,57.3
cactai-01,2026-09-22 03:13:10,24.8,36.1,6.0,16.9,58.1
cactai-01,2026-09-22 03:33:10,26.0,33.8,4.2,16.6,56.5
cactai-01,2026-09-22 03:53:10,23.4,34.4,9.4,16.4,60.3
cactai-01,2026-09-22 04:13:10,26.7,36.8,10.2,17.5,55.3
cactai-01,2026-09-22 04:33:10,23.2,35.6,9.3,17.7,60.6
cactai-01,2026-09-22 04:53:10,23.6,39.8,11.9,17.5,58.8
cactai-01,2026-09-22 05:13:10,26.2,39.7,5.2,18.4,55.2
cactai-01,2026-09-22 05:33:10,26.3,39.3,6.5,17.6,55.1
cactai-01,2026-09-22 05:53:10,22.8,40.8,6.9,18.7,59.6
cactai-01,2026-09-22 06:13:10,25.4,40.9,43.6,17.8,55.8
cactai-01,2026-09-22 06:33:10,24.5,39.1,119.7,18.9,68.4
cactai-01,2026-09-22 06:53:10,25.3,42.2,189.2,18.9,69.2
cactai-01,2026-09-22 07:13:10,24.5,41.5,268.3,19.2,73.7
cactai-01,2026-09-22 07:33:10,24.9,41.5,345.5,20.3,76.2
cactai-01,2026-09-22 07:53:10,22.5,39.9,365.1,20.4,80.8
cactai-01,2026-09-22 08:13:10,25.4,40.0,425.4,20.8,79.2
cactai-01,2026-09-22 08:33:10,22.7,42.0,479.6,20.3,84.4
cactai-01,2026-09-22 08:53:10,25.0,41.5,531.8,21.1,83.6
cactai-01,2026-09-22 09:13:10,25.9,40.4,607.9,20.9,85.6
cactai-01,2026-09-22 09:33:10,22.3,41.9,620.2,21.5,90.7
cactai-01,2026-09-22 09:53:10,24.5,45.2,729.7,21.5,84.7
cactai-01,2026-09-22 10:13:10,24.5,45.5,742.4,22.1,84.0
cactai-01,2026-09-22 10:33:10,24.4,44.2,726.7,21.9,85.2
cactai-01,2026-09-22 10:53:10,23.4,42.1,792.9,23.3,84.5
cactai-01,2026-09-22 11:13:10,24.5,40.9,758.1,23.1,84.8
cactai-01,2026-09-22 11:33:10,25.4,43.0,794.0,24.0,81.5
cactai-01,2026-09-22 11:53:10,23.1,38.1,805.4,24.5,85.7
cactai-01,2026-09-22 12:13:10,22.9,41.8,783.1,23.3,85.8
cactai-01,2026-09-22 12:33:10,22.3,38.8,846.2,23.5,85.0
cactai-01,2026-09-22 12:53:10,23.8,37.5,825.6,24.9,84.1
cactai-01,2026-09-22 13:13:10,23.1,40.4,782.8,24.5,86.0
cactai-01,2026-09-22 13:33:10,22.6,37.4,740.9,24.9,89.2
cactai-01,2026-09-22 13:53:10,24.8,35.4,698.1,24.1,88.4
cactai-01,2026-09-22 14:13:10,25.2,37.1,696.2,24.5,87.5
cactai-01,2026-09-22 14:33:10,24.7,35.7,686.3,25.7,89.0
cactai-01,2026-09-22 14:53:10,24.1,36.9,586.5,24.9,88.3
cactai-01,2026-09-22 15:13:10,24.1,34.7,539.7,24.8,86.9
cactai-01,2026-09-22 15:33:10,22.2,35.0,444.9,24.6,85.9
cactai-01,2026-09-22 15:53:10,22.8,35.1,415.5,24.2,83.8
cactai-01,2026-09-22 16:13:10,23.2,34.4,338.7,25.0,80.1
cactai-01,2026-09-22 16:33:10,23.9,31.3,282.0,24.1,75.9
cactai-01,2026-09-22 16:53:10,22.4,33.2,216.4,24.5,75.9
cactai-01,2026-09-22 17:13:10,23.2,31.5,164.9,23.6,72.3
cactai-01,2026-09-22 17:33:10,21.9,28.6,87.6,24.6,70.1
cactai-01,2026-09-22 17:53:10,22.0,31.6,25.2,24.7,61.3
cactai-01,2026-09-22 18:13:10,21.4,31.2,0.0,23.0,62.1
cactai-01,2026-09-22 18:33:10,24.7,31.0,0.0,23.2,57.4
cactai-01,2026-09-22 18:53:10,23.9,25.7,0.0,23.8,57.0
cactai-01,2026-09-22 19:13:10,21.6,29.3,2.1,23.5,61.2
cactai-01,2026-09-22 19:33:10,25.0,30.2,12.4,22.1,56.8
cactai-01,2026-09-22 19:53:10,21.6,29.2,3.6,21.9,61.2
cactai-01,2026-09-22 20:13:10,24.1,25.6,5.8,21.7,56.7
cactai-01,2026-09-22 20:33:10,24.9,26.7,2.6,21.1,55.8
cactai-01,2026-09-22 20:53:10,22.5,29.7,7.4,20.8,60.1
cactai-01,2026-09-22 21:13:10,24.8,29.3,10.2,21.5,56.7
cactai-01,2026-09-22 21:33:10,24.2,24.2,10.7,21.2,56.0
cactai-01,2026-09-22 21:53:10,23.6,29.9,12.6,20.4,58.7
cactai-01,2026-09-22 22:13:10,23.1,26.3,3.6,20.5,58.3
cactai-01,2026-09-22 22:33:10,21.3,29.9,12.2,20.0,61.8
cactai-01,2026-09-22 22:53:10,22.4,30.8,13.6,18.7,60.6
cactai-01,2026-09-22 23:13:10,21.7,26.6,12.3,19.4,60.3
cactai-01,2026-09-22 23:33:10,24.2,30.3,9.5,18.4,57.9
cactai-01,2026-09-22 23:53:10,24.0,31.8,13.0,18.2,58.7
cactai-01,2026-09-23 00:13:10,23.5,31.9,12.6,18.5,59.3
cactai-01,2026-09-23 00:33:10,22.6,29.3,10.5,18.0,59.8
cactai-01,2026-09-23 00:53:10,22.4,28.0,11.1,16.9,59.7
cactai-01,2026-09-23 01:13:10,23.7,29.2,9.5,17.3,58.3
cactai-01,2026-09-23 01:33:10,20.8,30.0,4.7,17.3,62.5
cactai-01,2026-09-23 01:53:10,23.5,34.8,12.5,17.5,60.2
cactai-01,2026-09-23 02:13:10,22.4,34.8,4.8,16.7,61.8
cactai-01,2026-09-23 02:33:10,23.6,32.3,12.4,16.9,59.3
cactai-01,2026-09-23 02:53:10,24.1,37.1,13.1,16.6,58.8
cactai-01,2026-09-23 03:13:10,22.9,36.2,13.8,17.7,60.7
cactai-01,2026-09-23 03:33:10,23.1,34.2,3.0,16.9,60.6
cactai-01,2026-09-23 03:53:10,20.6,36.0,3.9,17.8,64.0
cactai-01,2026-09-23 04:13:10,22.0,40.0,10.8,17.1,60.9
cactai-01,2026-09-23 04:33:10,23.0,36.3,1.8,17.9,60.6
cactai-01,2026-09-23 04:53:10,22.1,36.6,4.3,18.0,61.8
cactai-01,2026-09-23 05:13:10,21.2,40.4,14.9,17.5,61.8
cactai-01,2026-09-23 05:33:10,21.2,38.5,2.2,18.0,62.4
cactai-01,2026-09-23 05:53:10,22.8,40.2,5.5,17.3,59.7
cactai-01,2026-09-23 06:13:10,21.3,42.1,42.0,18.6,61.2
cactai-01,2026-09-23 06:33:10,22.8,42.8,119.7,18.2,69.7
cactai-01,2026-09-23 06:53:10,20.2,40.8,168.5,18.5,76.0
cactai-01,2026-09-23 07:13:10,23.9,44.8,271.0,19.9,73.7
cactai-01,2026-09-23 07:33:10,22.9,39.7,322.0,19.1,78.7
cactai-01,2026-09-23 07:53:10,21.0,42.0,387.7,19.6,83.2
cactai-01,2026-09-23 08:13:10,22.0,43.3,479.7,19.8,85.1
cactai-01,2026-09-23 08:33:10,23.5,45.2,495.6,19.9,83.1
cactai-01,2026-09-23 08:53:10,21.8,40.8,528.1,20.3,88.0
cactai-01,2026-09-23 09:13:10,20.2,45.2,542.4,21.8,89.6
cactai-01,2026-09-23 09:33:10,23.3,41.6,672.8,22.2,89.6
cactai-01,2026-09-23 09:53:10,22.7,41.4,695.6,21.6,89.7
cactai-01,2026-09-23 10:13:10,20.8,45.6,770.5,22.7,88.0
cactai-01,2026-09-23 10:33:10,22.9,43.3,691.2,23.1,88.9
cactai-01,2026-09-23 10:53:10,20.1,40.4,697.6,22.2,93.5
cactai-01,2026-09-23 11:13:10,22.3,41.3,745.7,24.0,88.3
cactai-01,2026-09-23 11:33:10,19.6,40.4,862.3,23.8,87.7
cactai-01,2026-09-23 11:53:10,21.4,42.9,797.3,24.3,87.0
cactai-01,2026-09-23 12:13:10,19.7,42.5,738.6,23.5,91.8
cactai-01,2026-09-23 12:33:10,21.4,38.4,739.2,24.8,90.7
cactai-01,2026-09-23 12:53:10,21.6,42.0,792.0,24.4,87.1
cactai-01,2026-09-23 13:13:10,20.9,36.1,770.5,25.0,90.8
cactai-01,2026-09-23 13:33:10,22.8,35.1,761.0,25.0,88.9
cactai-01,2026-09-23 13:53:10,20.8,37.8,730.2,25.6,92.1
cactai-01,2026-09-23 14:13:10,19.8,34.1,714.1,25.4,94.7
cactai-01,2026-09-23 14:33:10,20.9,38.7,648.3,25.1,94.7
cactai-01,2026-09-23 14:53:10,22.9,36.2,525.1,25.7,87.7
cactai-01,2026-09-23 15:13:10,22.0,36.0,514.1,25.7,88.7
cactai-01,2026-09-23 15:33:10,19.8,31.1,485.3,25.2,89.7
cactai-01,2026-09-23 15:53:10,19.2,30.6,406.1,25.6,87.3
cactai-01,2026-09-23 16:13:10,20.5,30.6,351.5,25.5,83.2
cactai-01,2026-09-23 16:33:10,19.2,34.0,318.1,24.1,84.7
cactai-01,2026-09-23 16:53:10,20.0,32.7,243.4,24.8,80.3
cactai-01,2026-09-23 17:13:10,20.8,30.2,150.6,24.8,74.7
cactai-01,2026-09-23 17:33:10,21.5,27.8,90.5,24.4,70.5
cactai-01,2026-09-23 17:53:10,20.8,29.5,26.1,24.5,62.4
cactai-01,2026-09-23 18:13:10,21.0,28.6,0.0,24.1,61.9
cactai-01,2026-09-23 18:33:10,21.1,28.2,0.0,23.3,61.6
cactai-01,2026-09-23 18:53:10,20.0,28.0,0.0,22.7,63.1
cactai-01,2026-09-23 19:13:10,20.6,28.6,2.3,22.8,62.5
cactai-01,2026-09-23 19:33:10,22.2,27.4,6.6,21.9,59.9
cactai-01,2026-09-23 19:53:10,21.9,27.5,13.5,21.8,60.3
cactai-01,2026-09-23 20:13:10,18.7,24.8,1.1,21.7,64.0
cactai-01,2026-09-23 20:33:10,20.7,25.6,9.9,21.1,61.4
cactai-01,2026-09-23 20:53:10,18.9,28.0,7.6,20.6,64.7
cactai-01,2026-09-23 21:13:10,18.7,29.3,5.9,20.4,65.3
cactai-01,2026-09-23 21:33:10,21.0,27.8,6.8,20.1,61.6
cactai-01,2026-09-23 21:53:10,19.1,25.3,13.1,20.5,63.6
cactai-01,2026-09-23 22:13:10,18.7,27.6,13.1,19.0,64.8
cactai-01,2026-09-23 22:33:10,20.1,28.8,2.6,20.0,63.1
cactai-01,2026-09-23 22:53:10,20.1,28.7,9.0,19.9,63.1
cactai-01,2026-09-23 23:13:10,20.9,27.7,10.1,18.5,61.7
cactai-01,2026-09-23 23:33:10,18.6,25.8,0.2,19.3,64.4
cactai-01,2026-09-23 23:53:10,20.7,30.1,3.1,18.2,62.8
cactai-01,2026-09-24 00:13:10,18.8,28.5,11.9,18.0,64.9
cactai-01,2026-09-24 00:33:10,18.7,28.1,0.3,18.1,65.0
cactai-01,2026-09-24 00:53:10,21.4,31.3,7.1,17.1,62.1
cactai-01,2026-09-24 01:13:10,18.2,28.4,12.5,17.6,65.8
cactai-01,2026-09-24 01:33:10,21.3,33.5,14.7,17.4,62.9
cactai-01,2026-09-24 01:53:10,19.8,32.6,4.4,17.3,64.7
cactai-01,2026-09-24 02:13:10,21.1,33.3,10.2,17.4,63.1
cactai-01,2026-09-24 02:33:10,19.1,31.4,6.3,17.7,65.4
cactai-01,2026-09-24 02:53:10,19.7,37.4,7.1,16.8,64.8
cactai-01,2026-09-24 03:13:10,18.9,33.6,0.3,16.8,66.3
cactai-01,2026-09-24 03:33:10,21.3,35.2,3.3,17.2,63.3
cactai-01,2026-09-24 03:53:10,18.2,35.6,9.9,17.4,67.6
cactai-01,2026-09-24 04:13:10,20.3,38.9,12.5,17.7,63.6
cactai-01,2026-09-24 04:33:10,20.1,36.9,12.7,17.7,64.5
cactai-01,2026-09-24 04:53:10,18.3,39.4,1.9,16.8,66.2
cactai-01,2026-09-24 05:13:10,18.7,37.6,14.9,16.9,66.2
cactai-01,2026-09-24 05:33:10,18.9,37.9,13.2,18.4,65.9
cactai-01,2026-09-24 05:53:10,17.7,40.1,0.5,18.3,66.1
cactai-01,2026-09-24 06:13:10,18.3,39.5,41.9,18.1,66.2
cactai-01,2026-09-24 06:33:10,17.6,43.7,111.5,18.2,75.2
cactai-01,2026-09-24 06:53:10,20.1,41.9,170.6,19.2,75.8
cactai-01,2026-09-24 07:13:10,21.0,41.8,260.9,19.1,78.2
cactai-01,2026-09-24 07:33:10,17.7,40.1,337.4,19.7,85.6
cactai-01,2026-09-24 07:53:10,21.0,44.6,400.0,19.1,82.9
cactai-01,2026-09-24 08:13:10,19.7,45.1,404.0,20.8,84.8
cactai-01,2026-09-24 08:33:10,18.3,42.6,461.3,20.5,89.7
cactai-01,2026-09-24 08:53:10,17.5,43.9,573.6,20.6,93.6
cactai-01,2026-09-24 09:13:10,20.5,42.6,553.6,21.1,90.4
cactai-01,2026-09-24 09:33:10,18.0,44.8,675.5,21.3,96.0
cactai-01,2026-09-24 09:53:10,17.3,42.0,681.0,22.3,95.7
cactai-01,2026-09-24 10:13:10,19.6,40.5,694.5,22.7,94.3
cactai-01,2026-09-24 10:33:10,17.8,44.2,731.4,22.4,93.8
cactai-01,2026-09-24 10:53:10,18.7,44.2,752.2,23.4,92.1
cactai-01,2026-09-24 11:13:10,17.0,39.6,761.6,22.4,92.7
cactai-01,2026-09-24 11:33:10,20.6,38.8,843.1,23.2,87.5
cactai-01,2026-09-24 11:53:10,17.4,38.2,876.7,24.2,89.2
cactai-01,2026-09-24 12:13:10,19.3,42.7,824.3,23.3,88.9
cactai-01,2026-09-24 12:33:10,19.6,40.7,812.6,24.2,89.6
cactai-01,2026-09-24 12:53:10,18.3,40.3,746.9,24.5,94.1
cactai-01,2026-09-24 13:13:10,19.6,41.1,730.0,23.8,92.7
cactai-01,2026-09-24 13:33:10,18.7,40.5,702.7,25.0,95.2
cactai-01,2026-09-24 13:53:10,17.4,37.6,697.1,25.3,96.5
cactai-01,2026-09-24 14:13:10,19.3,39.0,689.4,25.4,95.4
cactai-01,2026-09-24 14:33:10,17.3,34.7,616.3,24.2,97.6
cactai-01,2026-09-24 14:53:10,19.4,36.7,563.4,24.4,94.1
cactai-01,2026-09-24 15:13:10,17.6,32.1,585.1,25.1,95.9
cactai-01,2026-09-24 15:33:10,19.4,31.8,480.7,24.2,90.3
cactai-01,2026-09-24 15:53:10,18.7,31.6,445.9,25.3,89.8
cactai-01,2026-09-24 16:13:10,20.3,30.2,376.4,24.1,84.4
cactai-01,2026-09-24 16:33:10,18.8,31.0,288.9,24.0,83.2
cactai-01,2026-09-24 16:53:10,16.7,30.0,237.5,24.9,80.2
cactai-01,2026-09-24 17:13:10,20.1,32.4,161.4,25.1,76.7
cactai-01,2026-09-24 17:33:10,19.8,30.8,95.3,24.2,74.1
cactai-01,2026-09-24 17:53:10,17.5,28.2,24.9,24.4,65.3
cactai-01,2026-09-24 18:13:10,18.8,30.3,0.0,23.7,65.5
cactai-01,2026-09-24 18:33:10,17.4,29.1,0.0,23.9,65.4
cactai-01,2026-09-24 18:53:10,16.4,29.5,0.0,23.6,64.1
cactai-01,2026-09-24 19:13:10,19.6,27.7,0.9,22.7,63.6
cactai-01,2026-09-24 19:33:10,18.3,27.7,7.9,22.3,65.4
cactai-01,2026-09-24 19:53:10,17.6,27.0,7.5,22.8,65.1
cactai-01,2026-09-24 20:13:10,19.2,25.0,14.6,21.2,63.4
cactai-01,2026-09-24 20:33:10,18.7,29.2,1.9,20.9,65.3
cactai-01,2026-09-24 20:53:10,18.8,29.7,7.1,20.9,65.3
cactai-01,2026-09-24 21:13:10,17.4,24.7,9.0,20.9,64.1
cactai-01,2026-09-24 21:33:10,17.2,30.0,2.3,20.1,65.4
cactai-01,2026-09-24 21:53:10,16.3,27.8,11.9,19.4,63.4
cactai-01,2026-09-24 22:13:10,16.5,29.3,13.3,19.7,64.2
cactai-01,2026-09-24 22:33:10,19.1,27.2,5.2,19.5,64.1
cactai-01,2026-09-24 22:53:10,18.7,27.8,13.5,19.5,64.8
cactai-01,2026-09-24 23:13:10,17.6,28.1,11.4,18.7,65.3
cactai-01,2026-09-24 23:33:10,16.8,30.5,13.0,18.8,65.0
cactai-01,2026-09-24 23:53:10,17.1,29.4,3.5,19.0,65.0
cactai-01,2026-09-25 00:13:10,18.0,31.9,11.0,18.3,67.0
cactai-01,2026-09-25 00:33:10,18.2,30.6,11.9,17.2,66.3
cactai-01,2026-09-25 00:53:10,17.9,31.3,2.9,16.9,66.7
cactai-01,2026-09-25 01:13:10,17.3,33.8,2.8,16.8,66.6
cactai-01,2026-09-25 01:33:10,15.4,33.8,2.7,16.9,64.0
cactai-01,2026-09-25 01:53:10,17.1,34.5,13.3,17.3,66.5
cactai-01,2026-09-25 02:13:10,18.7,30.5,0.7,17.0,65.7
cactai-01,2026-09-25 02:33:10,16.5,32.6,12.9,16.4,65.1
cactai-01,2026-09-25 02:53:10,15.7,33.3,2.5,16.3,64.3
cactai-01,2026-09-25 03:13:10,15.8,36.1,6.1,16.7,64.6
cactai-01,2026-09-25 03:33:10,16.7,35.1,0.9,16.9,66.1
cactai-01,2026-09-25 03:53:10,18.4,34.6,5.6,16.6,67.4
cactai-01,2026-09-25 04:13:10,17.0,39.0,8.8,17.0,65.4
cactai-01,2026-09-25 04:33:10,16.8,37.6,0.9,17.3,65.6
cactai-01,2026-09-25 04:53:10,18.5,37.4,3.5,18.2,66.6
cactai-01,2026-09-25 05:13:10,17.1,41.1,3.7,17.3,65.0
cactai-01,2026-09-25 05:33:10,17.4,38.2,1.3,18.6,66.2
cactai-01,2026-09-25 05:53:10,18.0,40.7,14.8,18.0,66.2
cactai-01,2026-09-25 06:13:10,16.6,38.0,49.1,18.3,65.2
cactai-01,2026-09-25 06:33:10,15.9,44.2,122.4,17.8,73.2
cactai-01,2026-09-25 06:53:10,16.7,42.4,199.3,19.4,77.9
cactai-01,2026-09-25 07:13:10,16.1,42.9,244.5,19.3,78.7
cactai-01,2026-09-25 07:33:10,14.8,43.9,316.4,19.6,79.6
cactai-01,2026-09-25 07:53:10,16.2,40.4,363.6,19.3,84.4
cactai-01,2026-09-25 08:13:10,15.7,42.4,443.6,20.4,86.3
cactai-01,2026-09-25 08:33:10,15.8,44.0,540.6,20.3,89.9
cactai-01,2026-09-25 08:53:10,17.5,42.7,522.0,20.5,91.9
cactai-01,2026-09-25 09:13:10,15.8,42.7,654.5,21.4,94.5
cactai-01,2026-09-25 09:33:10,17.2,43.8,578.9,20.8,93.4
cactai-01,2026-09-25 09:53:10,18.0,43.8,677.1,21.8,96.2
cactai-01,2026-09-25 10:13:10,17.2,44.2,770.9,22.3,91.3
cactai-01,2026-09-25 10:33:10,16.9,39.8,785.7,21.8,91.6
cactai-01,2026-09-25 10:53:10,17.0,43.1,816.9,22.7,89.5
cactai-01,2026-09-25 11:13:10,17.6,40.8,832.2,22.7,90.4
cactai-01,2026-09-25 11:33:10,17.0,38.3,837.0,23.4,90.1
cactai-01,2026-09-25 11:53:10,16.0,39.2,869.4,23.0,87.1
cactai-01,2026-09-25 12:13:10,17.8,39.5,763.8,23.3,93.9
cactai-01,2026-09-25 12:33:10,15.3,41.1,809.7,23.8,88.0
cactai-01,2026-09-25 12:53:10,15.5,37.9,777.7,25.0,90.6
cactai-01,2026-09-25 13:13:10,14.9,36.8,791.2,25.1,89.5
cactai-01,2026-09-25 13:33:10,17.5,38.4,719.8,24.7,95.5
cactai-01,2026-09-25 13:53:10,16.6,37.7,712.0,25.1,94.8
cactai-01,2026-09-25 14:13:10,14.2,34.4,677.7,24.2,93.4
cactai-01,2026-09-25 14:33:10,16.2,34.3,598.1,25.0,95.2
cactai-01,2026-09-25 14:53:10,14.6,36.3,615.6,25.8,93.5
cactai-01,2026-09-25 15:13:10,16.0,33.1,553.3,25.1,92.7
cactai-01,2026-09-25 15:33:10,17.5,34.7,474.2,25.7,92.2
cactai-01,2026-09-25 15:53:10,17.5,32.8,383.2,25.7,88.0
cactai-01,2026-09-25 16:13:10,16.4,32.3,343.8,24.6,84.8
cactai-01,2026-09-25 16:33:10,17.2,30.2,311.8,24.3,83.9
cactai-01,2026-09-25 16:53:10,15.4,28.2,226.9,24.0,77.5
cactai-01,2026-09-25 17:13:10,15.9,27.8,149.3,24.7,74.9
cactai-01,2026-09-25 17:33:10,15.3,27.5,103.0,23.7,72.1
cactai-01,2026-09-25 17:53:10,14.8,30.3,22.8,23.3,62.1
cactai-01,2026-09-25 18:13:10,16.7,29.6,0.0,23.9,64.6
cactai-01,2026-09-25 18:33:10,14.5,26.2,0.0,23.0,60.4
cactai-01,2026-09-25 18:53:10,13.7,27.2,0.0,23.6,59.6
cactai-01,2026-09-25 19:13:10,15.9,29.4,11.6,23.0,63.4
cactai-01,2026-09-25 19:33:10,13.6,24.8,1.3,22.2,58.8
cactai-01,2026-09-25 19:53:10,13.8,29.9,1.0,22.1,60.6
cactai-01,2026-09-25 20:13:10,13.6,28.2,9.4,21.9,59.7
cactai-01,2026-09-25 20:33:10,13.6,28.6,5.7,21.0,60.0
cactai-01,2026-09-25 20:53:10,13.3,26.3,9.9,21.6,58.8
cactai-01,2026-09-25 21:13:10,14.5,29.6,9.3,21.2,61.5
cactai-01,2026-09-25 21:33:10,13.9,24.7,4.9,20.6,59.2
cactai-01,2026-09-25 21:53:10,13.9,27.7,11.8,20.3,60.0
cactai-01,2026-09-25 22:13:10,16.0,27.1,6.3,19.3,62.8
cactai-01,2026-09-25 22:33:10,14.3,27.3,0.9,20.2,60.5
cactai-01,2026-09-25 22:53:10,16.5,29.6,4.7,18.5,64.3
cactai-01,2026-09-25 23:13:10,14.4,25.4,5.1,18.9,60.1
cactai-01,2026-09-25 23:33:10,15.0,30.7,0.9,19.1,62.5
cactai-01,2026-09-25 23:53:10,13.7,31.6,2.9,18.7,61.0
cactai-01,2026-09-26 00:13:10,15.6,32.6,10.0,18.2,64.0
cactai-01,2026-09-26 00:33:10,16.7,30.9,8.7,17.7,64.9
cactai-01,2026-09-26 00:53:10,15.9,28.0,6.8,17.1,63.0
cactai-01,2026-09-26 01:13:10,13.7,32.1,3.3,17.0,61.1
cactai-01,2026-09-26 01:33:10,14.0,33.5,14.3,16.8,62.0
cactai-01,2026-09-26 01:53:10,14.1,30.1,14.8,16.4,61.1
cactai-01,2026-09-26 02:13:10,13.4,33.9,4.4,17.5,61.2
cactai-01,2026-09-26 02:33:10,13.4,32.1,0.4,17.6,60.7
cactai-01,2026-09-26 02:53:10,14.8,32.8,5.1,16.2,62.8
cactai-01,2026-09-26 03:13:10,12.6,36.5,13.7,16.8,60.0
cactai-01,2026-09-26 03:33:10,16.2,35.0,1.7,16.6,65.5
cactai-01,2026-09-26 03:53:10,16.2,39.7,9.9,17.9,64.1
cactai-01,2026-09-26 04:13:10,12.7,35.4,13.2,17.9,60.4
cactai-01,2026-09-26 04:33:10,13.9,37.4,2.9,17.5,61.5
cactai-01,2026-09-26 04:53:10,12.5,39.5,3.7,17.0,59.0
cactai-01,2026-09-26 05:13:10,13.6,36.7,11.8,18.1,61.4
cactai-01,2026-09-26 05:33:10,16.2,42.3,12.8,17.4,63.2
cactai-01,2026-09-26 05:53:10,14.9,37.9,7.1,18.1,62.8
cactai-01,2026-09-26 06:13:10,14.8,41.0,47.6,18.3,61.7
cactai-01,2026-09-26 06:33:10,13.5,40.7,114.0,18.9,70.5
cactai-01,2026-09-26 06:53:10,14.1,40.4,191.3,18.7,74.6
cactai-01,2026-09-26 07:13:10,14.4,39.4,271.6,18.8,78.6
cactai-01,2026-09-26 07:33:10,15.5,41.8,297.0,19.2,80.4
cactai-01,2026-09-26 07:53:10,14.3,45.3,408.1,19.6,82.1
cactai-01,2026-09-26 08:13:10,12.5,40.3,443.1,20.1,82.5
cactai-01,2026-09-26 08:33:10,14.3,42.7,480.6,20.7,85.7
cactai-01,2026-09-26 08:53:10,13.8,42.4,540.0,21.4,87.5
cactai-01,2026-09-26 09:13:10,13.4,41.1,575.0,20.8,88.8
cactai-01,2026-09-26 09:33:10,13.3,40.4,659.6,22.1,91.4
cactai-01,2026-09-26 09:53:10,14.4,44.5,682.0,22.6,90.8
cactai-01,2026-09-26 10:13:10,12.1,39.8,657.0,21.8,90.0
cactai-01,2026-09-26 10:33:10,13.1,41.2,698.0,23.1,89.3
cactai-01,2026-09-26 10:53:10,12.8,43.3,794.2,23.7,84.5
cactai-01,2026-09-26 11:13:10,14.7,43.1,861.3,23.9,84.5
cactai-01,2026-09-26 11:33:10,12.8,43.2,716.4,23.9,87.6
cactai-01,2026-09-26 11:53:10,13.2,41.3,784.2,24.0,86.0
cactai-01,2026-09-26 12:13:10,13.6,41.9,794.2,23.4,86.0
cactai-01,2026-09-26 12:33:10,12.4,41.3,775.5,24.2,85.3
cactai-01,2026-09-26 12:53:10,14.6,40.8,781.2,24.8,88.3
cactai-01,2026-09-26 13:13:10,14.6,37.5,753.9,24.1,90.4
cactai-01,2026-09-26 13:33:10,14.2,36.2,774.7,24.6,89.3
cactai-01,2026-09-26 13:53:10,12.9,37.8,713.0,24.2,89.5
cactai-01,2026-09-26 14:13:10,11.4,38.5,728.4,25.5,86.5
cactai-01,2026-09-26 14:33:10,13.0,37.1,608.1,24.8,90.7
cactai-01,2026-09-26 14:53:10,13.4,34.2,615.2,24.2,92.0
cactai-01,2026-09-26 15:13:10,14.9,32.5,563.1,25.7,91.5
cactai-01,2026-09-26 15:33:10,13.7,34.5,462.4,25.1,86.3
cactai-01,2026-09-26 15:53:10,15.1,31.4,451.9,24.7,86.9
cactai-01,2026-09-26 16:13:10,11.9,30.1,362.6,24.9,78.5
cactai-01,2026-09-26 16:33:10,14.7,29.4,293.6,24.0,79.4
cactai-01,2026-09-26 16:53:10,11.2,32.3,233.0,24.5,73.0
cactai-01,2026-09-26 17:13:10,11.3,33.4,152.7,24.0,70.2
cactai-01,2026-09-26 17:33:10,13.6,27.5,89.0,23.4,69.2
cactai-01,2026-09-26 17:53:10,11.6,31.7,24.5,23.8,58.1
cactai-01,2026-09-26 18:13:10,11.3,29.3,0.0,23.6,57.0
cactai-01,2026-09-26 18:33:10,14.7,30.8,0.0,22.8,62.1
cactai-01,2026-09-26 18:53:10,12.6,29.5,0.0,23.1,58.7
cactai-01,2026-09-26 19:13:10,13.1,27.9,14.1,23.1,59.1
cactai-01,2026-09-26 19:33:10,11.3,25.0,0.1,22.3,55.7
cactai-01,2026-09-26 19:53:10,14.4,29.6,7.9,22.1,61.3
cactai-01,2026-09-26 20:13:10,11.8,29.5,11.1,21.7,57.7
cactai-01,2026-09-26 20:33:10,11.8,27.7,10.7,22.0,57.2
cactai-01,2026-09-26 20:53:10,14.2,28.4,3.7,21.1,60.7
cactai-01,2026-09-26 21:13:10,12.9,26.4,2.8,21.5,58.2
cactai-01,2026-09-26 21:33:10,11.6,27.9,13.1,20.1,57.0
cactai-01,2026-09-26 21:53:10,13.4,25.5,10.5,20.1,58.7
cactai-01,2026-09-26 22:13:10,14.5,24.9,8.3,19.1,60.0
cactai-01,2026-09-26 22:33:10,12.2,26.2,4.9,19.4,57.3
cactai-01,2026-09-26 22:53:10,13.2,29.5,1.1,18.9,59.6
cactai-01,2026-09-26 23:13:10,12.0,25.4,12.8,18.2,56.6
cactai-01,2026-09-26 23:33:10,13.3,28.6,4.9,17.8,59.5
cactai-01,2026-09-26 23:53:10,14.1,27.0,3.6,18.8,60.1
cactai-01,2026-09-27 00:13:10,10.3,27.3,2.6,17.7,54.9
cactai-01,2026-09-27 00:33:10,10.5,31.8,5.9,18.1,56.6
cactai-01,2026-09-27 00:53:10,11.1,28.0,5.4,17.9,56.2
cactai-01,2026-09-27 01:13:10,13.5,33.3,10.5,17.7,61.2
cactai-01,2026-09-27 01:33:10,11.7,30.9,13.5,16.6,57.9
cactai-01,2026-09-27 01:53:10,13.1,35.3,11.6,17.0,61.1
cactai-01,2026-09-27 02:13:10,11.7,36.3,1.4,16.8,58.8
cactai-01,2026-09-27 02:33:10,10.9,36.4,10.0,17.5,57.6
cactai-01,2026-09-27 02:53:10,10.6,34.2,2.5,16.4,57.5
cactai-01,2026-09-27 03:13:10,10.7,33.7,8.4,17.1,57.4
cactai-01,2026-09-27 03:33:10,10.7,35.3,1.8,16.5,57.8
cactai-01,2026-09-27 03:53:10,11.4,36.6,4.7,16.4,58.3
cactai-01,2026-09-27 04:13:10,11.3,34.9,9.7,16.8,58.6
cactai-01,2026-09-27 04:33:10,13.7,35.8,9.0,17.4,61.8
cactai-01,2026-09-27 04:53:10,10.4,41.5,12.8,17.6,55.4
cactai-01,2026-09-27 05:13:10,12.4,42.2,10.4,18.0,58.0
cactai-01,2026-09-27 05:33:10,13.2,38.9,9.5,18.4,60.1
cactai-01,2026-09-27 05:53:10,12.1,41.0,5.0,17.9,57.9
cactai-01,2026-09-27 06:13:10,10.5,41.5,46.6,19.1,55.6
cactai-01,2026-09-27 06:33:10,12.0,43.8,108.7,18.3,67.4
cactai-01,2026-09-27 06:53:10,12.6,42.5,192.1,18.2,71.8
cactai-01,2026-09-27 07:13:10,10.7,40.1,244.2,18.7,72.0
cactai-01,2026-09-27 07:33:10,13.2,43.0,286.6,20.2,76.3
cactai-01,2026-09-27 07:53:10,10.7,41.3,396.8,20.1,77.8
cactai-01,2026-09-27 08:13:10,11.5,45.7,461.5,20.4,80.1
cactai-01,2026-09-27 08:33:10,9.4,45.0,474.3,20.3,78.0
cactai-01,2026-09-27 08:53:10,11.5,45.4,519.9,21.1,82.5
cactai-01,2026-09-27 09:13:10,12.0,44.3,566.8,21.4,85.5
cactai-01,2026-09-27 09:33:10,10.5,42.6,625.8,20.8,86.3
cactai-01,2026-09-27 09:53:10,9.5,40.9,730.6,22.1,83.1
cactai-01,2026-09-27 10:13:10,10.0,40.1,663.2,22.4,86.7
cactai-01,2026-09-27 10:33:10,12.9,40.8,792.3,21.9,85.4
cactai-01,2026-09-27 10:53:10,10.3,43.4,800.5,22.5,80.7
cactai-01,2026-09-27 11:13:10,10.1,40.4,732.6,23.1,84.0
cactai-01,2026-09-27 11:33:10,10.1,43.0,816.0,22.8,79.9
cactai-01,2026-09-27 11:53:10,10.6,38.8,875.2,23.6,79.5
cactai-01,2026-09-27 12:13:10,11.9,41.9,799.6,24.5,83.4
cactai-01,2026-09-27 12:33:10,9.0,39.1,838.2,24.8,78.6
cactai-01,2026-09-27 12:53:10,12.6,39.8,819.0,23.8,84.2
cactai-01,2026-09-27 13:13:10,9.9,38.4,794.2,24.5,81.8
cactai-01,2026-09-27 13:33:10,11.2,35.4,716.7,24.1,87.7
cactai-01,2026-09-27 13:53:10,9.4,35.4,700.4,24.1,85.8
cactai-01,2026-09-27 14:13:10,11.6,36.6,669.1,25.6,89.9
cactai-01,2026-09-27 14:33:10,12.6,35.2,683.6,25.0,91.0
cactai-01,2026-09-27 14:53:10,11.0,34.7,599.1,24.3,88.1
cactai-01,2026-09-27 15:13:10,10.2,34.9,577.6,24.5,86.1
cactai-01,2026-09-27 15:33:10,9.6,36.3,472.6,25.3,80.8
cactai-01,2026-09-27 15:53:10,10.5,34.3,421.8,25.2,80.2
cactai-01,2026-09-27 16:13:10,12.2,33.9,370.9,24.4,80.4
cactai-01,2026-09-27 16:33:10,11.7,32.6,268.8,25.0,75.3
cactai-01,2026-09-27 16:53:10,11.0,29.8,239.7,24.5,72.3
cactai-01,2026-09-27 17:13:10,9.4,31.2,168.8,25.1,67.6
cactai-01,2026-09-27 17:33:10,8.4,31.7,100.5,24.4,63.6
cactai-01,2026-09-27 17:53:10,9.9,30.0,26.5,24.6,55.2
cactai-01,2026-09-27 18:13:10,9.1,28.6,0.0,24.2,53.6
cactai-01,2026-09-27 18:33:10,9.5,31.4,0.0,23.6,55.0
cactai-01,2026-09-27 18:53:10,9.5,27.7,0.0,23.7,53.9
cactai-01,2026-09-27 19:13:10,10.7,29.5,1.3,22.6,56.2
cactai-01,2026-09-27 19:33:10,11.9,27.0,11.2,22.2,57.0
cactai-01,2026-09-27 19:53:10,8.1,24.8,12.2,22.5,51.1
cactai-01,2026-09-27 20:13:10,11.0,25.2,9.8,21.6,55.3
cactai-01,2026-09-27 20:33:10,8.8,29.7,3.0,21.4,53.5
cactai-01,2026-09-27 20:53:10,8.3,25.1,2.8,21.5,51.4
cactai-01,2026-09-27 21:13:10,9.6,27.8,13.5,21.0,54.1
cactai-01,2026-09-27 21:33:10,9.1,26.3,2.5,20.1,53.0
cactai-01,2026-09-27 21:53:10,9.8,28.2,8.8,19.4,54.5
cactai-01,2026-09-27 22:13:10,7.9,27.9,11.3,20.5,51.7
cactai-01,2026-09-27 22:33:10,7.9,28.3,7.8,20.2,51.8
cactai-01,2026-09-27 22:53:10,9.7,27.0,14.0,19.0,54.0
cactai-01,2026-09-27 23:13:10,11.8,30.2,13.4,19.5,57.8
cactai-01,2026-09-27 23:33:10,8.0,27.9,5.7,18.3,51.8
cactai-01,2026-09-27 23:53:10,10.5,30.5,6.9,18.9,56.1
cactai-01,2026-09-28 00:13:10,11.1,28.3,9.0,18.3,56.4
cactai-01,2026-09-28 00:33:10,10.1,31.2,5.5,17.8,55.8
cactai-01,2026-09-28 00:53:10,11.5,33.5,2.8,18.1,58.5
cactai-01,2026-09-28 01:13:10,7.7,33.2,5.4,17.1,53.1
cactai-01,2026-09-28 01:33:10,9.1,32.7,9.1,16.6,54.9
cactai-01,2026-09-28 01:53:10,11.2,35.6,14.0,17.7,58.3
cactai-01,2026-09-28 02:13:10,8.6,31.5,11.0,16.5,53.8
cactai-01,2026-09-28 02:33:10,10.8,34.1,8.6,16.4,57.7
cactai-01,2026-09-28 02:53:10,10.1,35.0,4.5,17.6,56.9
cactai-01,2026-09-28 03:13:10,7.8,36.4,6.7,16.6,53.3
cactai-01,2026-09-28 03:33:10,9.9,33.7,11.3,16.9,56.3
cactai-01,2026-09-28 03:53:10,11.0,39.2,2.4,17.5,56.9
cactai-01,2026-09-28 04:13:10,9.1,39.9,3.9,16.6,54.1
cactai-01,2026-09-28 04:33:10,10.1,35.7,8.0,17.6,56.7
cactai-01,2026-09-28 04:53:10,10.2,39.4,14.0,17.7,55.8
cactai-01,2026-09-28 05:13:10,10.1,38.7,10.8,17.9,55.8
cactai-01,2026-09-28 05:33:10,10.3,38.3,12.8,17.2,56.2
cactai-01,2026-09-28 05:53:10,10.0,43.1,1.3,18.5,54.4
cactai-01,2026-09-28 06:13:10,8.5,43.1,41.9,19.1,52.2
cactai-01,2026-09-28 06:33:10,7.0,38.8,116.6,18.7,62.1
cactai-01,2026-09-28 06:53:10,10.9,40.7,196.1,18.7,70.1
cactai-01,2026-09-28 07:13:10,10.1,42.3,259.5,19.4,71.1
cactai-01,2026-09-28 07:33:10,8.4,42.7,298.2,19.5,70.3
cactai-01,2026-09-28 07:53:10,10.6,44.7,351.7,19.8,74.8
cactai-01,2026-09-28 08:13:10,9.2,40.7,434.8,20.4,77.4
cactai-01,2026-09-28 08:33:10,9.6,43.5,525.1,20.2,80.6
cactai-01,2026-09-28 08:53:10,7.2,46.0,601.9,21.2,79.7
cactai-01,2026-09-28 09:13:10,10.0,43.0,594.3,21.6,84.2
cactai-01,2026-09-28 09:33:10,10.6,41.9,625.2,22.1,86.5
cactai-01,2026-09-28 09:53:10,9.5,44.6,640.9,22.2,84.9
cactai-01,2026-09-28 10:13:10,10.0,40.7,650.5,22.2,87.1
cactai-01,2026-09-28 10:33:10,10.5,43.3,727.0,23.1,83.9
cactai-01,2026-09-28 10:53:10,8.7,41.1,841.3,23.2,77.5
cactai-01,2026-09-28 11:13:10,9.5,41.0,860.0,23.2,77.9
cactai-01,2026-09-28 11:33:10,9.2,39.5,760.0,24.0,82.0
cactai-01,2026-09-28 11:53:10,6.9,42.3,782.6,23.9,77.0
cactai-01,2026-09-28 12:13:10,9.8,41.6,847.4,23.9,78.6
cactai-01,2026-09-28 12:33:10,6.9,41.0,738.5,23.9,79.1
cactai-01,2026-09-28 12:53:10,7.2,40.7,723.4,24.8,80.2
cactai-01,2026-09-28 13:13:10,9.2,39.1,685.2,24.9,85.0
cactai-01,2026-09-28 13:33:10,6.8,40.7,806.8,24.6,76.3
cactai-01,2026-09-28 13:53:10,9.9,34.9,752.9,25.6,84.5
cactai-01,2026-09-28 14:13:10,6.3,39.5,626.2,25.2,81.4
cactai-01,2026-09-28 14:33:10,10.0,36.7,640.0,24.8,87.9
cactai-01,2026-09-28 14:53:10,7.0,35.2,528.4,25.3,79.7
cactai-01,2026-09-28 15:13:10,8.6,33.8,581.1,25.3,83.8
cactai-01,2026-09-28 15:33:10,8.6,35.5,506.9,25.5,81.0
cactai-01,2026-09-28 15:53:10,7.1,34.1,433.6,24.7,75.8
cactai-01,2026-09-28 16:13:10,6.3,32.4,332.7,25.1,70.1
cactai-01,2026-09-28 16:33:10,6.0,32.3,297.0,24.8,68.2
cactai-01,2026-09-28 16:53:10,8.8,33.0,220.1,24.0,69.4
cactai-01,2026-09-28 17:13:10,8.4,30.2,162.4,24.5,65.6
cactai-01,2026-09-28 17:33:10,6.0,32.5,86.5,24.6,60.0
cactai-01,2026-09-28 17:53:10,9.0,26.6,22.9,24.0,52.9
cactai-01,2026-09-28 18:13:10,9.0,29.0,0.0,23.7,53.5
cactai-01,2026-09-28 18:33:10,8.5,30.3,0.0,22.8,53.3
cactai-01,2026-09-28 18:53:10,9.5,30.6,0.0,22.6,54.8
cactai-01,2026-09-28 19:13:10,7.8,29.7,2.7,22.2,52.1
cactai-01,2026-09-28 19:33:10,6.2,27.9,3.1,23.0,49.4
cactai-01,2026-09-28 19:53:10,7.5,26.5,14.7,22.2,50.8
cactai-01,2026-09-28 20:13:10,5.5,26.0,14.2,22.5,47.8
cactai-01,2026-09-28 20:33:10,8.1,26.7,11.7,21.6,51.6
cactai-01,2026-09-28 20:53:10,9.4,26.1,7.8,21.2,53.2
cactai-01,2026-09-28 21:13:10,8.7,25.4,1.5,20.3,52.1
cactai-01,2026-09-28 21:33:10,9.2,27.7,12.5,20.0,53.5
cactai-01,2026-09-28 21:53:10,7.8,24.7,1.9,19.7,50.6
cactai-01,2026-09-28 22:13:10,6.9,24.9,13.6,19.4,49.4
cactai-01,2026-09-28 22:33:10,7.4,25.1,10.4,19.8,50.2
cactai-01,2026-09-28 22:53:10,6.0,27.2,10.5,19.4,48.8
cactai-01,2026-09-28 23:13:10,6.8,26.2,9.1,19.6,49.7
cactai-01,2026-09-28 23:33:10,7.5,26.2,0.4,17.9,50.7
cactai-01,2026-09-28 23:53:10,5.4,30.0,8.2,18.0,48.8
cactai-01,2026-09-29 00:13:10,8.5,28.0,4.1,17.2,52.7
cactai-01,2026-09-29 00:33:10,6.5,27.8,14.5,18.5,49.8
cactai-01,2026-09-29 00:53:10,6.2,32.7,10.9,17.6,50.8
cactai-01,2026-09-29 01:13:10,8.4,31.7,10.5,17.6,53.6
cactai-01,2026-09-29 01:33:10,8.7,31.4,2.6,17.0,53.9
cactai-01,2026-09-29 01:53:10,7.0,33.3,14.5,17.7,52.1
cactai-01,2026-09-29 02:13:10,5,33.5,1.9,16.5,49.3
cactai-01,2026-09-29 02:33:10,7.7,31.4,5.7,17.4,52.6
cactai-01,2026-09-29 02:53:10,5.8,35.4,10.6,17.3,50.7
cactai-01,2026-09-29 03:13:10,7.9,35.5,14.8,16.6,53.8
cactai-01,2026-09-29 03:33:10,8.2,38.0,14.1,16.7,53.4
cactai-01,2026-09-29 03:53:10,6.3,35.7,14.2,16.5,51.4
cactai-01,2026-09-29 04:13:10,8.4,35.5,10.9,16.5,54.4
cactai-01,2026-09-29 04:33:10,6.6,40.4,8.3,18.1,50.4
cactai-01,2026-09-29 04:53:10,7.5,38.7,7.6,17.5,52.2
cactai-01,2026-09-29 05:13:10,7.3,38.8,13.3,17.8,51.9
cactai-01,2026-09-29 05:33:10,7.3,41.2,11.2,18.3,51.2
cactai-01,2026-09-29 05:53:10,8.2,42.4,11.1,18.7,52.1
cactai-01,2026-09-29 06:13:10,6.8,41.6,45.6,19.1,50.4
cactai-01,2026-09-29 06:33:10,7.9,41.6,118.8,18.2,62.6
cactai-01,2026-09-29 06:53:10,7.7,41.9,167.8,19.6,64.2
cactai-01,2026-09-29 07:13:10,5.8,41.4,246.7,18.6,64.9
cactai-01,2026-09-29 07:33:10,5.3,42.7,341.9,19.9,67.5
cactai-01,2026-09-29 07:53:10,5.4,41.4,349.7,19.4,68.5
cactai-01,2026-09-29 08:13:10,6.5,41.1,459.5,19.9,74.4
cactai-01,2026-09-29 08:33:10,6.7,44.9,538.2,19.8,76.8
cactai-01,2026-09-29 08:53:10,6.6,42.9,544.1,20.6,77.4
cactai-01,2026-09-29 09:13:10,5.4,42.1,610.6,20.4,78.6
cactai-01,2026-09-29 09:33:10,5,42.0,691.0,20.9,78.0
cactai-01,2026-09-29 09:53:10,5,42.9,679.2,21.4,78.3
cactai-01,2026-09-29 10:13:10,5.9,40.5,660.6,22.5,81.0
cactai-01,2026-09-29 10:33:10,5.5,41.1,702.3,22.5,78.6
cactai-01,2026-09-29 10:53:10,7.1,39.7,717.4,22.8,80.7
cactai-01,2026-09-29 11:13:10,5,40.8,836.4,23.1,72.6
cactai-01,2026-09-29 11:33:10,7.3,39.5,772.1,23.0,78.8
cactai-01,2026-09-29 11:53:10,5.4,42.3,726.1,24.4,77.1
cactai-01,2026-09-29 12:13:10,5,40.2,744.5,24.2,76.5
cactai-01,2026-09-29 12:33:10,5.4,40.1,754.6,24.7,76.7
cactai-01,2026-09-29 12:53:10,5,40.8,812.1,25.0,73.6
cactai-01,2026-09-29 13:13:10,7.3,40.7,760.0,24.4,79.0
cactai-01,2026-09-29 13:33:10,5,35.1,677.7,24.2,80.7
cactai-01,2026-09-29 13:53:10,6.6,35.7,704.7,25.1,81.7
cactai-01,2026-09-29 14:13:10,7.4,38.1,647.9,24.8,84.2
cactai-01,2026-09-29 14:33:10,5.4,37.5,601.8,24.6,79.7
cactai-01,2026-09-29 14:53:10,5.5,33.7,542.2,25.4,77.8
cactai-01,2026-09-29 15:13:10,7.4,33.0,571.5,25.5,81.4
cactai-01,2026-09-29 15:33:10,6.2,35.7,449.8,25.3,75.3
cactai-01,2026-09-29 15:53:10,5,36.1,421.2,25.0,72.3
cactai-01,2026-09-29 16:13:10,5,30.3,369.8,24.1,69.2
cactai-01,2026-09-29 16:33:10,7.0,31.4,325.5,24.9,70.5
cactai-01,2026-09-29 16:53:10,5,30.7,211.7,24.2,63.0
cactai-01,2026-09-29 17:13:10,5,29.6,167.3,24.3,60.9
cactai-01,2026-09-29 17:33:10,5.8,28.9,94.2,23.8,58.8
cactai-01,2026-09-29 17:53:10,5,29.0,23.4,23.6,48.0
cactai-01,2026-09-29 18:13:10,5,26.3,0.0,24.1,47.2
cactai-01,2026-09-29 18:33:10,5,31.0,0.0,22.8,48.6
cactai-01,2026-09-29 18:53:10,6.8,27.4,0.0,22.8,50.1
cactai-01,2026-09-29 19:13:10,5.2,30.0,0.2,22.5,48.6
cactai-01,2026-09-29 19:33:10,6.1,27.7,5.4,22.3,49.1
cactai-01,2026-09-29 19:53:10,5,29.7,3.2,21.6,48.2
cactai-01,2026-09-29 20:13:10,5.2,29.6,1.8,22.1,48.5
cactai-01,2026-09-29 20:33:10,6.6,24.5,10.6,21.5,48.8
cactai-01,2026-09-29 20:53:10,6.8,25.2,10.9,21.5,49.4
cactai-01,2026-09-29 21:13:10,5,25.5,2.9,21.4,47.0
cactai-01,2026-09-29 21:33:10,6.6,29.5,13.6,20.3,50.4
cactai-01,2026-09-29 21:53:10,5,26.7,13.7,20.8,47.3
cactai-01,2026-09-29 22:13:10,5.1,28.6,0.3,19.2,48.0
cactai-01,2026-09-29 22:33:10,5.8,28.8,8.5,19.8,49.1
cactai-01,2026-09-29 22:53:10,29.5,30.8,10.3,18.6,50.7
cactai-01,2026-09-29 23:13:10,29.1,27.7,5.8,18.4,50.3
cactai-01,2026-09-29 23:33:10,26.8,29.9,2.4,19.1,54.2
cactai-01,2026-09-29 23:53:10,28.7,29.3,6.8,17.9,51.3
cactai-01,2026-09-30 00:13:10,28.1,27.7,10.6,17.3,51.7
cactai-01,2026-09-30 00:33:10,26.4,32.5,0.6,18.5,55.5
cactai-01,2026-09-30 00:53:10,28.4,29.3,11.9,18.1,51.8
cactai-01,2026-09-30 01:13:10,27.1,32.0,0.0,17.2,54.3
cactai-01,2026-09-30 01:33:10,27.9,33.4,10.6,17.1,53.6
cactai-01,2026-09-30 01:53:10,25.9,34.6,4.9,17.7,56.8
cactai-01,2026-09-30 02:13:10,26.3,36.2,14.5,17.1,56.0
cactai-01,2026-09-30 02:33:10,28.7,31.7,11.7,17.4,52.0
cactai-01,2026-09-30 02:53:10,29.0,35.6,9.8,17.1,52.4
cactai-01,2026-09-30 03:13:10,26.6,35.9,3.3,17.5,55.7
cactai-01,2026-09-30 03:33:10,26.4,37.5,2.3,16.8,55.5
cactai-01,2026-09-30 03:53:10,26.2,34.9,1.4,17.7,56.5
cactai-01,2026-09-30 04:13:10,28.3,38.4,7.4,16.4,52.5
cactai-01,2026-09-30 04:33:10,27.0,38.8,2.7,16.6,54.3
cactai-01,2026-09-30 04:53:10,29.0,41.6,3.7,16.8,50.6
cactai-01,2026-09-30 05:13:10,28.5,40.0,10.9,17.5,51.7
cactai-01,2026-09-30 05:33:10,28.3,40.8,12.4,17.1,51.8
cactai-01,2026-09-30 05:53:10,25.8,41.2,1.3,17.3,55.2
cactai-01,2026-09-30 06:13:10,29.0,38.6,49.6,18.7,51.5
cactai-01,2026-09-30 06:33:10,28.0,39.6,111.1,18.6,63.1
cactai-01,2026-09-30 06:53:10,26.9,39.8,185.7,18.6,67.5
cactai-01,2026-09-30 07:13:10,25.3,43.3,233.2,19.4,70.6
cactai-01,2026-09-30 07:33:10,28.4,40.0,292.0,19.2,69.7
cactai-01,2026-09-30 07:53:10,28.4,40.5,379.5,20.5,73.0
cactai-01,2026-09-30 08:13:10,26.7,40.7,396.9,20.4,76.0
cactai-01,2026-09-30 08:33:10,28.5,42.3,468.1,21.1,75.9
cactai-01,2026-09-30 08:53:10,25.4,41.0,583.5,20.3,85.2
cactai-01,2026-09-30 09:13:10,28.7,42.1,549.3,21.4,78.8
cactai-01,2026-09-30 09:33:10,28.5,45.4,592.1,22.2,79.8
cactai-01,2026-09-30 09:53:10,25.5,43.0,694.5,22.1,85.3
cactai-01,2026-09-30 10:13:10,25.4,43.6,740.0,21.9,83.5
cactai-01,2026-09-30 10:33:10,26.1,40.0,790.2,23.2,81.5
cactai-01,2026-09-30 10:53:10,28.4,43.9,790.8,23.2,77.1
cactai-01,2026-09-30 11:13:10,24.7,44.3,716.9,22.6,85.2
cactai-01,2026-09-30 11:33:10,25.9,40.6,819.2,23.8,80.5
cactai-01,2026-09-30 11:53:10,26.5,38.2,845.3,23.9,79.3
cactai-01,2026-09-30 12:13:10,25.7,37.9,872.1,24.8,79.5
cactai-01,2026-09-30 12:33:10,26.1,38.7,741.3,24.1,84.0
cactai-01,2026-09-30 12:53:10,26.1,41.0,808.8,24.1,80.5
cactai-01,2026-09-30 13:13:10,27.1,37.1,805.7,24.4,80.5
cactai-01,2026-09-30 13:33:10,26.5,38.2,734.6,25.2,83.7
cactai-01,2026-09-30 13:53:10,26.7,36.8,688.5,25.0,85.7
cactai-01,2026-09-30 14:13:10,27.3,37.8,694.9,24.5,84.3
cactai-01,2026-09-30 14:33:10,28.3,33.0,565.8,25.1,81.7
cactai-01,2026-09-30 14:53:10,28.0,32.6,636.0,24.8,84.8
cactai-01,2026-09-30 15:13:10,27.7,36.5,569.9,24.7,82.8
cactai-01,2026-09-30 15:33:10,27.6,36.7,444.6,25.6,77.8
cactai-01,2026-09-30 15:53:10,27.5,30.5,399.3,24.3,75.4
cactai-01,2026-09-30 16:13:10,26.9,31.8,393.4,24.0,76.2
cactai-01,2026-09-30 16:33:10,25.6,33.1,324.0,24.9,75.8
cactai-01,2026-09-30 16:53:10,27.4,33.4,210.9,23.8,68.8
cactai-01,2026-09-30 17:13:10,24.3,28.1,158.5,24.5,69.4
cactai-01,2026-09-30 17:33:10,24.6,28.1,99.9,24.5,66.7
cactai-01,2026-09-30 17:53:10,26.7,28.3,25.6,23.8,53.8
cactai-01,2026-09-30 18:13:10,27.0,30.2,0.0,23.3,53.9
cactai-01,2026-09-30 18:33:10,27.4,25.8,0.0,23.8,52.1
cactai-01,2026-09-30 18:53:10,23.9,30.2,0.0,23.4,58.3
cactai-01,2026-09-30 19:13:10,27.1,30.4,8.3,22.8,53.8
cactai-01,2026-09-30 19:33:10,24.4,30.4,6.4,22.5,57.7
cactai-01,2026-09-30 19:53:10,24.6,28.1,1.9,21.7,56.7
cactai-01,2026-09-30 20:13:10,25.9,29.2,11.2,22.3,55.2
cactai-01,2026-09-30 20:33:10,26.2,29.0,4.7,20.9,54.7
cactai-01,2026-09-30 20:53:10,24.4,24.7,9.7,20.4,55.9
cactai-01,2026-09-30 21:13:10,23.7,25.7,12.7,20.8,57.2
cactai-01,2026-09-30 21:33:10,26.6,25.9,9.0,20.5,53.3
cactai-01,2026-09-30 21:53:10,24.6,30.1,0.5,20.2,57.3
cactai-01,2026-09-30 22:13:10,23.7,26.3,11.9,20.5,57.5
cactai-01,2026-09-30 22:33:10,24.6,27.0,5.3,18.9,56.4
cactai-01,2026-09-30 22:53:10,27.3,29.2,10.9,18.5,53.2
cactai-01,2026-09-30 23:13:10,23.8,30.2,11.1,18.2,58.5
cactai-01,2026-09-30 23:33:10,25.7,30.8,5.7,18.2,56.0
cactai-01,2026-09-30 23:53:10,26.8,26.7,6.9,18.6,53.2
cactai-01,2026-10-01 00:13:10,25.9,31.3,12.1,17.5,55.9
cactai-01,2026-10-01 00:33:10,26.1,31.1,7.7,18.5,55.4
cactai-01,2026-10-01 00:53:10,24.5,30.0,11.8,18.2,57.3
cactai-01,2026-10-01 01:13:10,26.2,30.7,13.4,17.0,55.2
cactai-01,2026-10-01 01:33:10,23.7,32.8,1.1,17.3,59.3
cactai-01,2026-10-01 01:53:10,26.6,33.0,2.1,17.9,55.4
cactai-01,2026-10-01 02:13:10,23.4,32.3,1.3,17.8,59.6
cactai-01,2026-10-01 02:33:10,24.5,31.6,4.2,16.5,57.9
cactai-01,2026-10-01 02:53:10,24.9,33.3,3.9,17.6,57.9
cactai-01,2026-10-01 03:13:10,23.4,35.9,2.1,16.3,60.1
cactai-01,2026-10-01 03:33:10,26.3,38.7,6.0,16.4,55.3
cactai-01,2026-10-01 03:53:10,26.7,36.1,12.7,17.4,55.5
cactai-01,2026-10-01 04:13:10,26.3,38.6,3.9,17.4,55.3
cactai-01,2026-10-01 04:33:10,23.8,40.1,11.1,16.5,58.4
cactai-01,2026-10-01 04:53:10,23.4,38.2,4.4,16.8,59.5
cactai-01,2026-10-01 05:13:10,23.1,39.2,6.9,17.9,59.6
cactai-01,2026-10-01 05:33:10,23.0,41.3,7.0,18.5,59.1
cactai-01,2026-10-01 05:53:10,23.4,39.5,11.5,17.8,59.0
cactai-01,2026-10-01 06:13:10,24.6,42.2,49.9,18.3,56.7
cactai-01,2026-10-01 06:33:10,22.7,39.3,109.7,18.6,70.5
cactai-01,2026-10-01 06:53:10,23.8,39.0,188.5,19.1,72.2
cactai-01,2026-10-01 07:13:10,26.2,41.3,244.5,19.1,70.3
cactai-01,2026-10-01 07:33:10,22.7,44.6,314.1,20.2,77.1
cactai-01,2026-10-01 07:53:10,23.5,43.5,392.6,19.2,79.5
cactai-01,2026-10-01 08:13:10,24.0,41.6,400.8,20.5,79.6
cactai-01,2026-10-01 08:33:10,24.5,44.0,532.1,20.1,83.6
cactai-01,2026-10-01 08:53:10,22.7,45.4,584.4,20.6,87.7
cactai-01,2026-10-01 09:13:10,22.9,42.1,627.1,21.1,90.0
cactai-01,2026-10-01 09:33:10,25.0,40.9,637.9,21.9,88.0
cactai-01,2026-10-01 09:53:10,25.0,42.1,660.5,21.1,87.7
cactai-01,2026-10-01 10:13:10,24.6,40.1,754.8,22.5,85.1
cactai-01,2026-10-01 10:33:10,23.4,45.3,760.4,23.3,84.9
cactai-01,2026-10-01 10:53:10,25.0,40.9,803.3,22.3,82.2
cactai-01,2026-10-01 11:13:10,22.7,43.9,776.8,22.6,85.8
cactai-01,2026-10-01 11:33:10,23.7,41.4,869.1,22.7,81.4
cactai-01,2026-10-01 11:53:10,25.3,38.6,791.7,23.7,83.0
cactai-01,2026-10-01 12:13:10,22.3,38.6,873.7,24.8,83.9
cactai-01,2026-10-01 12:33:10,24.1,37.8,779.1,24.0,85.5
cactai-01,2026-10-01 12:53:10,25.7,42.0,755.0,24.5,82.9
cactai-01,2026-10-01 13:13:10,25.1,35.7,686.0,25.2,88.4
cactai-01,2026-10-01 13:33:10,25.3,39.2,735.3,25.0,85.1
cactai-01,2026-10-01 13:53:10,23.4,36.4,698.5,24.9,90.1
cactai-01,2026-10-01 14:13:10,24.8,34.3,672.1,24.4,89.4
cactai-01,2026-10-01 14:33:10,22.4,36.5,619.3,25.0,92.1
cactai-01,2026-10-01 14:53:10,25.0,36.4,568.9,24.9,86.5
cactai-01,2026-10-01 15:13:10,24.1,37.1,509.6,25.6,85.2
cactai-01,2026-10-01 15:33:10,24.8,31.5,526.1,25.2,84.4
cactai-01,2026-10-01 15:53:10,23.2,33.1,430.8,25.3,83.4
cactai-01,2026-10-01 16:13:10,21.9,32.2,390.8,24.9,83.3
cactai-01,2026-10-01 16:33:10,22.6,31.4,268.7,24.2,77.2
cactai-01,2026-10-01 16:53:10,23.0,29.4,228.5,24.5,74.5
cactai-01,2026-10-01 17:13:10,25.3,33.1,150.7,24.2,69.3
cactai-01,2026-10-01 17:33:10,24.2,31.5,100.1,23.4,68.3
cactai-01,2026-10-01 17:53:10,22.2,28.2,23.8,24.5,60.0
cactai-01,2026-10-01 18:13:10,24.7,30.8,0.0,23.5,57.4
cactai-01,2026-10-01 18:33:10,24.9,28.1,0.0,22.6,56.3
cactai-01,2026-10-01 18:53:10,22.7,30.1,0.0,23.6,59.9
cactai-01,2026-10-01 19:13:10,25.0,30.8,5.0,22.4,56.9
cactai-01,2026-10-01 19:33:10,23.7,29.5,2.9,23.0,58.3
cactai-01,2026-10-01 19:53:10,23.7,30.2,1.9,21.6,58.6
cactai-01,2026-10-01 20:13:10,22.8,24.8,7.8,22.3,58.2
cactai-01,2026-10-01 20:33:10,24.2,29.1,9.5,21.7,57.6
cactai-01,2026-10-01 20:53:10,24.8,25.2,8.3,20.5,55.5
cactai-01,2026-10-01 21:13:10,23.4,24.2,9.4,21.1,57.3
cactai-01,2026-10-01 21:33:10,22.5,28.5,1.2,19.8,59.8
cactai-01,2026-10-01 21:53:10,22.3,25.7,9.5,20.7,59.1
cactai-01,2026-10-01 22:13:10,21.9,29.1,8.0,20.2,60.8
cactai-01,2026-10-01 22:33:10,21.9,30.3,9.9,19.6,61.1
cactai-01,2026-10-01 22:53:10,21.2,27.7,8.7,19.3,61.3
cactai-01,2026-10-01 23:13:10,24.3,25.9,4.2,18.8,56.4
cactai-01,2026-10-01 23:33:10,22.3,28.7,12.6,17.8,60.1
cactai-01,2026-10-01 23:53:10,21.0,30.3,14.4,18.1,62.4
cactai-01,2026-10-02 00:13:10,23.9,27.8,13.6,17.2,57.6
cactai-01,2026-10-02 00:33:10,23.0,27.4,8.5,18.6,58.7
cactai-01,2026-10-02 00:53:10,23.0,31.1,7.3,17.1,59.8
cactai-01,2026-10-02 01:13:10,21.3,28.6,13.9,16.7,61.4
cactai-01,2026-10-02 01:33:10,24.0,29.7,2.3,16.8,58.0
cactai-01,2026-10-02 01:53:10,23.4,35.3,3.3,16.8,60.4
cactai-01,2026-10-02 02:13:10,21.8,33.7,14.3,16.8,62.2
cactai-01,2026-10-02 02:33:10,22.5,33.5,7.4,16.5,61.3
cactai-01,2026-10-02 02:53:10,23.9,33.4,10.3,16.8,59.3
cactai-01,2026-10-02 03:13:10,21.6,37.2,11.5,17.7,62.3
cactai-01,2026-10-02 03:33:10,22.0,37.6,13.2,17.5,61.6
cactai-01,2026-10-02 03:53:10,22.0,37.2,9.1,16.9,61.8
cactai-01,2026-10-02 04:13:10,20.9,34.7,1.0,17.2,63.9
cactai-01,2026-10-02 04:33:10,23.5,39.0,4.4,18.1,59.1
cactai-01,2026-10-02 04:53:10,20.9,37.7,0.4,17.9,63.2
cactai-01,2026-10-02 05:13:10,22.7,38.6,1.1,18.1,60.3
cactai-01,2026-10-02 05:33:10,20.1,38.9,4.8,17.8,63.9
cactai-01,2026-10-02 05:53:10,22.3,39.8,13.5,18.2,60.6
cactai-01,2026-10-02 06:13:10,20.4,39.6,45.6,18.5,63.2
cactai-01,2026-10-02 06:33:10,23.4,38.9,123.6,19.2,70.2
cactai-01,2026-10-02 06:53:10,23.0,40.7,180.5,18.6,72.6
cactai-01,2026-10-02 07:13:10,23.1,42.1,235.4,20.0,74.1
cactai-01,2026-10-02 07:33:10,20.4,40.5,310.8,19.2,81.5
cactai-01,2026-10-02 07:53:10,22.1,41.4,369.8,20.1,81.1
cactai-01,2026-10-02 08:13:10,23.7,45.3,469.9,19.8,81.7
cactai-01,2026-10-02 08:33:10,21.4,45.3,529.1,21.2,87.4
cactai-01,2026-10-02 08:53:10,22.3,40.4,497.6,20.2,86.3
cactai-01,2026-10-02 09:13:10,22.6,41.6,633.0,21.6,90.9
cactai-01,2026-10-02 09:33:10,21.9,41.8,628.2,21.8,91.7
cactai-01,2026-10-02 09:53:10,22.4,42.5,665.8,22.5,91.0
cactai-01,2026-10-02 10:13:10,20.1,41.8,781.1,22.4,89.8
cactai-01,2026-10-02 10:33:10,19.7,39.4,673.1,21.9,95.3
cactai-01,2026-10-02 10:53:10,22.3,41.7,738.9,22.4,88.5
cactai-01,2026-10-02 11:13:10,23.1,40.9,734.9,23.8,87.7
cactai-01,2026-10-02 11:33:10,23.2,43.5,872.2,23.1,81.3
cactai-01,2026-10-02 11:53:10,19.8,43.5,845.2,23.1,87.1
cactai-01,2026-10-02 12:13:10,21.8,42.2,771.4,23.6,87.7
cactai-01,2026-10-02 12:33:10,19.9,39.6,739.5,23.6,92.4
cactai-01,2026-10-02 12:53:10,22.3,41.5,835.1,25.1,84.6
cactai-01,2026-10-02 13:13:10,21.0,36.3,746.6,24.6,91.5
cactai-01,2026-10-02 13:33:10,21.9,40.8,746.5,24.4,89.0
cactai-01,2026-10-02 13:53:10,20.1,35.9,737.3,24.5,93.3
cactai-01,2026-10-02 14:13:10,21.4,38.9,613.2,25.2,92.6
cactai-01,2026-10-02 14:33:10,19.9,33.4,657.8,25.7,96.5
cactai-01,2026-10-02 14:53:10,19.1,33.5,531.5,25.5,93.3
cactai-01,2026-10-02 15:13:10,19.4,32.8,499.5,25.1,91.3
cactai-01,2026-10-02 15:33:10,22.4,35.4,481.3,24.7,86.9
cactai-01,2026-10-02 15:53:10,19.6,33.2,417.1,25.6,87.9
cactai-01,2026-10-02 16:13:10,20.4,35.3,339.8,25.4,84.2
cactai-01,2026-10-02 16:33:10,22.0,30.0,297.2,24.3,78.8
cactai-01,2026-10-02 16:53:10,20.1,33.4,215.1,24.8,79.2
cactai-01,2026-10-02 17:13:10,22.3,32.1,151.4,23.9,73.1
cactai-01,2026-10-02 17:33:10,19.5,27.2,101.4,24.4,73.6
cactai-01,2026-10-02 17:53:10,19.8,32.1,24.2,23.2,64.6
cactai-01,2026-10-02 18:13:10,19.3,29.0,0.0,23.7,64.4
cactai-01,2026-10-02 18:33:10,19.8,26.2,0.0,23.6,62.9
cactai-01,2026-10-02 18:53:10,20.3,27.0,0.0,22.9,62.3
cactai-01,2026-10-02 19:13:10,20.6,27.5,7.9,23.1,62.1
cactai-01,2026-10-02 19:33:10,19.4,24.9,14.4,21.7,63.0
cactai-01,2026-10-02 19:53:10,18.9,25.7,1.0,22.3,63.9
cactai-01,2026-10-02 20:13:10,18.9,28.6,5.9,22.4,64.8
cactai-01,2026-10-02 20:33:10,21.6,26.1,3.1,21.1,60.3
cactai-01,2026-10-02 20:53:10,18.8,27.0,11.0,21.4,64.5
cactai-01,2026-10-02 21:13:10,22.0,25.4,4.6,20.5,59.5
cactai-01,2026-10-02 21:33:10,21.9,24.9,2.8,19.6,59.5
cactai-01,2026-10-02 21:53:10,19.0,25.8,5.0,19.4,63.8
cactai-01,2026-10-02 22:13:10,20.6,30.2,12.8,19.9,62.9
cactai-01,2026-10-02 22:33:10,18.7,29.6,3.7,19.5,65.4
cactai-01,2026-10-02 22:53:10,20.3,26.0,12.5,18.5,62.1
cactai-01,2026-10-02 23:13:10,21.1,28.0,4.6,19.2,61.6
cactai-01,2026-10-02 23:33:10,20.1,27.9,3.9,17.7,63.0
cactai-01,2026-10-02 23:53:10,21.7,30.8,10.7,18.8,61.6
cactai-01,2026-10-03 00:13:10,18.5,30.8,8.9,18.4,66.0
cactai-01,2026-10-03 00:33:10,21.4,31.2,14.7,17.2,62.0
cactai-01,2026-10-03 00:53:10,20.9,33.6,3.7,17.4,63.5
cactai-01,2026-10-03 01:13:10,21.8,32.2,2.9,18.2,61.9
cactai-01,2026-10-03 01:33:10,21.5,31.7,10.2,18.0,62.1
cactai-01,2026-10-03 01:53:10,20.6,35.0,4.0,17.0,64.4
cactai-01,2026-10-03 02:13:10,19.1,30.6,14.9,17.1,65.2
cactai-01,2026-10-03 02:33:10,19.5,33.8,9.2,17.8,65.5
cactai-01,2026-10-03 02:53:10,21.6,34.7,4.3,17.3,62.8
cactai-01,2026-10-03 03:13:10,21.6,36.2,2.3,17.3,62.6
cactai-01,2026-10-03 03:33:10,20.9,33.2,4.3,16.3,63.4
cactai-01,2026-10-03 03:53:10,17.9,35.7,8.9,17.0,67.6
cactai-01,2026-10-03 04:13:10,18.6,36.6,0.0,16.9,66.6
cactai-01,2026-10-03 04:33:10,20.7,36.1,10.0,16.7,63.9
cactai-01,2026-10-03 04:53:10,18.3,39.3,14.9,16.8,66.2
cactai-01,2026-10-03 05:13:10,18.9,41.3,7.1,17.9,64.8
cactai-01,2026-10-03 05:33:10,17.9,38.5,14.5,17.5,66.8
cactai-01,2026-10-03 05:53:10,20.2,39.4,8.5,18.2,63.7
cactai-01,2026-10-03 06:13:10,18.2,38.8,47.0,18.4,66.6
cactai-01,2026-10-03 06:33:10,17.7,41.8,110.2,18.8,76.0
cactai-01,2026-10-03 06:53:10,18.8,44.1,185.0,18.8,77.5
cactai-01,2026-10-03 07:13:10,19.1,41.0,232.4,19.9,80.0
cactai-01,2026-10-03 07:33:10,19.1,42.0,329.2,19.4,83.5
cactai-01,2026-10-03 07:53:10,17.3,43.0,371.9,20.6,85.5
cactai-01,2026-10-03 08:13:10,20.2,43.5,431.7,19.9,85.6
cactai-01,2026-10-03 08:33:10,19.2,40.7,469.8,20.6,89.4
cactai-01,2026-10-03 08:53:10,18.3,44.5,555.3,20.7,92.9
cactai-01,2026-10-03 09:13:10,17.1,44.8,585.3,21.8,93.2
cactai-01,2026-10-03 09:33:10,17.3,40.2,635.9,22.1,96.8
cactai-01,2026-10-03 09:53:10,18.3,40.4,700.7,21.6,95.9
cactai-01,2026-10-03 10:13:10,18.3,40.0,711.7,22.6,95.6
cactai-01,2026-10-03 10:33:10,19.9,39.7,769.0,22.1,91.2
cactai-01,2026-10-03 10:53:10,19.9,42.0,711.5,22.5,92.8
cactai-01,2026-10-03 11:13:10,20.3,40.5,810.8,22.9,88.7
cactai-01,2026-10-03 11:33:10,16.9,41.2,872.2,23.8,87.7
cactai-01,2026-10-03 11:53:10,16.8,41.4,738.0,23.1,92.9
cactai-01,2026-10-03 12:13:10,17.6,40.2,734.3,24.5,94.5
cactai-01,2026-10-03 12:33:10,16.9,37.5,782.8,24.1,92.5
cactai-01,2026-10-03 12:53:10,20.0,41.3,853.9,24.5,87.2
cactai-01,2026-10-03 13:13:10,19.4,40.8,808.6,24.8,90.0
cactai-01,2026-10-03 13:33:10,19.2,36.1,725.1,25.2,95.1
cactai-01,2026-10-03 13:53:10,17.3,38.8,726.9,24.9,94.8
cactai-01,2026-10-03 14:13:10,17.7,37.6,665.8,25.7,98.2
cactai-01,2026-10-03 14:33:10,19.2,35.3,627.4,25.3,97.4
cactai-01,2026-10-03 14:53:10,18.1,34.8,536.9,24.2,95.2
cactai-01,2026-10-03 15:13:10,18.7,31.6,528.1,24.7,93.1
cactai-01,2026-10-03 15:33:10,20.0,34.6,492.6,24.2,90.8
cactai-01,2026-10-03 15:53:10,20.2,33.0,455.2,25.3,88.5
cactai-01,2026-10-03 16:13:10,20.2,31.6,344.0,25.4,83.6
cactai-01,2026-10-03 16:33:10,17.7,33.1,296.6,24.5,84.8
cactai-01,2026-10-03 16:53:10,18.9,30.3,210.4,24.9,79.8
cactai-01,2026-10-03 17:13:10,19.1,32.3,157.7,24.0,78.0
cactai-01,2026-10-03 17:33:10,17.4,29.4,99.0,24.8,75.4
cactai-01,2026-10-03 17:53:10,17.6,29.3,25.1,24.2,65.8
cactai-01,2026-10-03 18:13:10,19.8,30.7,0.0,23.7,64.2
cactai-01,2026-10-03 18:33:10,17.4,31.3,0.0,23.2,66.0
cactai-01,2026-10-03 18:53:10,17.6,25.5,0.0,23.7,64.6
cactai-01,2026-10-03 19:13:10,16.4,30.5,1.4,22.8,64.4
cactai-01,2026-10-03 19:33:10,19.2,29.0,14.7,22.1,64.5
cactai-01,2026-10-03 19:53:10,19.5,28.9,2.6,22.0,64.1
cactai-01,2026-10-03 20:13:10,16.3,29.2,9.2,21.1,64.0
cactai-01,2026-10-03 20:33:10,19.2,29.6,9.1,21.2,64.7
cactai-01,2026-10-03 20:53:10,19.8,27.4,5.7,20.6,63.3
cactai-01,2026-10-03 21:13:10,16.9,25.2,6.6,20.2,63.6
cactai-01,2026-10-03 21:33:10,16.5,27.6,12.1,20.6,63.7
cactai-01,2026-10-03 21:53:10,18.9,29.6,3.1,19.9,65.0
cactai-01,2026-10-03 22:13:10,16.0,25.5,8.2,20.1,62.3
cactai-01,2026-10-03 22:33:10,17.6,29.6,9.6,19.5,65.9
cactai-01,2026-10-03 22:53:10,18.1,28.3,5.3,18.5,65.9
